dataset_name,contrastive,header_type,header_training_paradigm,in_batch_cl,freeze_contrastive_param,multitask,batch_size_contrastive,batch_size_residual,lr_contrastive,mm_contrastive,wd_contrastive,optim_contrastive,feature_input_dim,feature_hidden_dim,feature_output_dim,feature_extractor_depth,projection_output_dim,lr_unimodal,lr_bimodal,lr_trimodal,mm_unimodal,mm_bimodal,mm_trimodal,wd_unimodal,wd_bimodal,wd_trimodal,optim_unimodal,optim_bimodal,optim_trimodal,prediction_head_depth,num_epochs_contrastive,num_epochs_residual,patience_contrastive,patience_residual,warmup_epochs,load_pretrain_contrastive,load_pretrain_residual,load_checkpoint_filepath,loss_fn_name,metric_list,seed,save_checkpoint_filepath,best_metric_result
recola_valence,True,residual,routing,True,True,False,32,256,0.01,0.9,1e-06,adam,"{'vision': 125, 'acoustic': 140, 'language': 457, 'eda': 62, 'ecg': 54}","{'vision': 188, 'acoustic': 210, 'language': 686, 'eda': 96, 'ecg': 82}","{'vision': 125, 'acoustic': 140, 'language': 457, 'eda': 62, 'ecg': 54}",2,"{'vision': 64, 'acoustic': 64, 'language': 64, 'eda': 64, 'ecg': 64}",0.1,0.1,0.01,0.9,0.9,0.9,1e-06,1e-06,1e-06,adam,adam,adam,2,100,200,20,40,1,False,False,None,mae+ccc,"['mae', 'ccc']",1706,output/checkpoint/recola_valence_1709328870.pt,"{'mae': 0.10640784421404725, 'ccc': 0.3871882490641738}"
recola_valence,True,residual,routing,True,True,False,32,256,0.01,0.5,1e-06,adam,"{'vision': 125, 'acoustic': 140, 'language': 457, 'eda': 62, 'ecg': 54}","{'vision': 188, 'acoustic': 210, 'language': 686, 'eda': 96, 'ecg': 82}","{'vision': 125, 'acoustic': 140, 'language': 457, 'eda': 62, 'ecg': 54}",2,"{'vision': 64, 'acoustic': 64, 'language': 64, 'eda': 64, 'ecg': 64}",0.1,0.01,0.01,0.5,0.5,0.5,1e-06,1e-06,1e-06,adam,adam,adam,2,100,200,20,40,1,False,False,None,mae+ccc,"['mae', 'ccc']",1706,output/checkpoint/recola_valence_1709329138.pt,"{'mae': 0.10289069890412794, 'ccc': 0.2511753278359927}"
recola_valence,True,residual,routing,True,True,False,32,256,0.1,0.5,1e-06,adam,"{'vision': 125, 'acoustic': 140, 'language': 457, 'eda': 62, 'ecg': 54}","{'vision': 188, 'acoustic': 210, 'language': 686, 'eda': 96, 'ecg': 82}","{'vision': 125, 'acoustic': 140, 'language': 457, 'eda': 62, 'ecg': 54}",4,"{'vision': 64, 'acoustic': 64, 'language': 64, 'eda': 64, 'ecg': 64}",0.01,0.01,0.01,0.5,0.5,0.5,1e-06,1e-06,1e-06,adam,adam,adam,2,100,200,20,40,1,False,False,None,mae+ccc,"['mae', 'ccc']",1706,output/checkpoint/recola_valence_1709330909.pt,"{'mae': 0.3091524793965095, 'ccc': 0.03188598022069227}"
recola_valence,True,residual,routing,True,True,False,32,256,0.01,0.9,1e-06,adam,"{'vision': 125, 'acoustic': 140, 'language': 457, 'eda': 62, 'ecg': 54}","{'vision': 188, 'acoustic': 210, 'language': 686, 'eda': 96, 'ecg': 82}","{'vision': 125, 'acoustic': 140, 'language': 457, 'eda': 62, 'ecg': 54}",2,"{'vision': 64, 'acoustic': 64, 'language': 64, 'eda': 64, 'ecg': 64}",0.1,0.1,0.01,0.9,0.9,0.9,1e-06,1e-06,1e-06,adam,adam,adam,2,100,200,20,40,1,False,False,None,mae+ccc,"['mae', 'ccc']",1706,output/checkpoint/recola_valence_1709334884.pt,"{'mae': 0.09706943597211412, 'ccc': 0.27206773447696453}"
recola_valence,True,residual,routing,True,True,False,32,256,0.01,0.5,1e-06,adam,"{'vision': 125, 'acoustic': 140, 'language': 457, 'eda': 62, 'ecg': 54}","{'vision': 188, 'acoustic': 210, 'language': 686, 'eda': 96, 'ecg': 82}","{'vision': 125, 'acoustic': 140, 'language': 457, 'eda': 62, 'ecg': 54}",2,"{'vision': 64, 'acoustic': 64, 'language': 64, 'eda': 64, 'ecg': 64}",0.1,0.01,0.01,0.5,0.5,0.5,1e-06,1e-06,1e-06,adam,adam,adam,2,100,200,20,40,1,False,False,None,mae+ccc,"['mae', 'ccc']",1706,output/checkpoint/recola_valence_1709335013.pt,"{'mae': 0.12079735500892116, 'ccc': 0.2593757776414}"
recola_valence,True,residual,routing,True,True,False,32,256,0.1,0.5,1e-06,adam,"{'vision': 125, 'acoustic': 140, 'language': 457, 'eda': 62, 'ecg': 54}","{'vision': 188, 'acoustic': 210, 'language': 686, 'eda': 96, 'ecg': 82}","{'vision': 125, 'acoustic': 140, 'language': 457, 'eda': 62, 'ecg': 54}",4,"{'vision': 64, 'acoustic': 64, 'language': 64, 'eda': 64, 'ecg': 64}",0.01,0.01,0.01,0.5,0.5,0.5,1e-06,1e-06,1e-06,adam,adam,adam,2,100,200,20,40,1,False,False,None,mae+ccc,"['mae', 'ccc']",1706,output/checkpoint/recola_valence_1709336356.pt,"{'mae': 73.56193070643927, 'ccc': 0.09578931638748484}"
recola_valence,True,residual,routing,True,True,False,32,256,0.01,0.9,1e-06,adam,"{'vision': 125, 'acoustic': 140, 'language': 457, 'eda': 62, 'ecg': 54}","{'vision': 188, 'acoustic': 210, 'language': 686, 'eda': 96, 'ecg': 82}","{'vision': 125, 'acoustic': 140, 'language': 457, 'eda': 62, 'ecg': 54}",2,"{'vision': 64, 'acoustic': 64, 'language': 64, 'eda': 64, 'ecg': 64}",0.1,0.1,0.01,0.9,0.9,0.9,1e-06,1e-06,1e-06,adam,adam,adam,2,100,200,20,40,1,False,False,None,mae+ccc,"['mae', 'ccc']",1706,output/checkpoint/recola_valence_1709336894.pt,"{'mae': 0.11566804412224743, 'ccc': 0.21671331078555306}"
recola_valence,True,residual,routing,True,True,False,32,256,0.01,0.5,1e-06,adam,"{'vision': 125, 'acoustic': 140, 'language': 457, 'eda': 62, 'ecg': 54}","{'vision': 188, 'acoustic': 210, 'language': 686, 'eda': 96, 'ecg': 82}","{'vision': 125, 'acoustic': 140, 'language': 457, 'eda': 62, 'ecg': 54}",2,"{'vision': 64, 'acoustic': 64, 'language': 64, 'eda': 64, 'ecg': 64}",0.1,0.01,0.01,0.5,0.5,0.5,1e-06,1e-06,1e-06,adam,adam,adam,2,100,200,20,40,1,False,False,None,mae+ccc,"['mae', 'ccc']",1706,output/checkpoint/recola_valence_1709337088.pt,"{'mae': 0.10562166169503326, 'ccc': 0.34045797680226564}"
recola_valence,True,residual,routing,True,True,False,32,256,0.1,0.5,1e-06,adam,"{'vision': 125, 'acoustic': 140, 'language': 457, 'eda': 62, 'ecg': 54}","{'vision': 188, 'acoustic': 210, 'language': 686, 'eda': 96, 'ecg': 82}","{'vision': 125, 'acoustic': 140, 'language': 457, 'eda': 62, 'ecg': 54}",4,"{'vision': 64, 'acoustic': 64, 'language': 64, 'eda': 64, 'ecg': 64}",0.01,0.01,0.01,0.5,0.5,0.5,1e-06,1e-06,1e-06,adam,adam,adam,2,100,200,20,40,1,False,False,None,mae+ccc,"['mae', 'ccc']",1706,output/checkpoint/recola_valence_1709338337.pt,"{'mae': 2092.2451841252832, 'ccc': -2.671041715849868e-06}"
recola_valence,True,residual,routing,True,True,False,32,256,0.01,0.9,1e-06,adam,"{'vision': 125, 'acoustic': 140, 'language': 457, 'eda': 62, 'ecg': 54}","{'vision': 188, 'acoustic': 210, 'language': 686, 'eda': 96, 'ecg': 82}","{'vision': 125, 'acoustic': 140, 'language': 457, 'eda': 62, 'ecg': 54}",2,"{'vision': 64, 'acoustic': 64, 'language': 64, 'eda': 64, 'ecg': 64}",0.1,0.1,0.01,0.9,0.9,0.9,1e-06,1e-06,1e-06,adam,adam,adam,2,100,200,20,40,1,False,False,None,mae+ccc,"['mae', 'ccc']",1706,output/checkpoint/recola_valence_1709338777.pt,"{'mae': 0.0943288715475345, 'ccc': 0.4834670156423044}"
recola_valence,True,residual,routing,True,True,False,32,256,0.01,0.5,1e-06,adam,"{'vision': 125, 'acoustic': 140, 'language': 457, 'eda': 62, 'ecg': 54}","{'vision': 188, 'acoustic': 210, 'language': 686, 'eda': 96, 'ecg': 82}","{'vision': 125, 'acoustic': 140, 'language': 457, 'eda': 62, 'ecg': 54}",2,"{'vision': 64, 'acoustic': 64, 'language': 64, 'eda': 64, 'ecg': 64}",0.1,0.01,0.01,0.5,0.5,0.5,1e-06,1e-06,1e-06,adam,adam,adam,2,100,200,20,40,1,False,False,None,mae+ccc,"['mae', 'ccc']",1706,output/checkpoint/recola_valence_1709338974.pt,"{'mae': 0.14443108301310556, 'ccc': 0.16994285002751008}"
recola_valence,True,residual,routing,True,True,False,32,256,0.1,0.5,1e-06,adam,"{'vision': 125, 'acoustic': 140, 'language': 457, 'eda': 62, 'ecg': 54}","{'vision': 188, 'acoustic': 210, 'language': 686, 'eda': 96, 'ecg': 82}","{'vision': 125, 'acoustic': 140, 'language': 457, 'eda': 62, 'ecg': 54}",4,"{'vision': 64, 'acoustic': 64, 'language': 64, 'eda': 64, 'ecg': 64}",0.01,0.01,0.01,0.5,0.5,0.5,1e-06,1e-06,1e-06,adam,adam,adam,2,100,200,20,40,1,False,False,None,mae+ccc,"['mae', 'ccc']",1706,output/checkpoint/recola_valence_1709340410.pt,"{'mae': 0.4839804359446097, 'ccc': 0.03394942287070006}"
recola_valence,True,residual,routing,True,True,False,32,256,0.01,0.9,1e-06,adam,"{'vision': 125, 'acoustic': 140, 'language': 457, 'eda': 62, 'ecg': 54}","{'vision': 188, 'acoustic': 210, 'language': 686, 'eda': 96, 'ecg': 82}","{'vision': 125, 'acoustic': 140, 'language': 457, 'eda': 62, 'ecg': 54}",2,"{'vision': 64, 'acoustic': 64, 'language': 64, 'eda': 64, 'ecg': 64}",0.1,0.1,0.01,0.9,0.9,0.9,1e-06,1e-06,1e-06,adam,adam,adam,2,100,200,20,40,1,False,False,None,mae+ccc,"['mae', 'ccc']",1706,output/checkpoint/recola_valence_1709340896.pt,"{'mae': 0.11480734870865783, 'ccc': 0.06595966985672645}"
recola_valence,True,residual,routing,True,True,False,32,256,0.01,0.5,1e-06,adam,"{'vision': 125, 'acoustic': 140, 'language': 457, 'eda': 62, 'ecg': 54}","{'vision': 188, 'acoustic': 210, 'language': 686, 'eda': 96, 'ecg': 82}","{'vision': 125, 'acoustic': 140, 'language': 457, 'eda': 62, 'ecg': 54}",2,"{'vision': 64, 'acoustic': 64, 'language': 64, 'eda': 64, 'ecg': 64}",0.1,0.01,0.01,0.5,0.5,0.5,1e-06,1e-06,1e-06,adam,adam,adam,2,100,200,20,40,1,False,False,None,mae+ccc,"['mae', 'ccc']",1706,output/checkpoint/recola_valence_1709341088.pt,"{'mae': 0.14443108301310556, 'ccc': 0.16994285002751008}"
recola_valence,True,residual,routing,True,True,False,32,256,0.1,0.5,1e-06,adam,"{'vision': 125, 'acoustic': 140, 'language': 457, 'eda': 62, 'ecg': 54}","{'vision': 188, 'acoustic': 210, 'language': 686, 'eda': 96, 'ecg': 82}","{'vision': 125, 'acoustic': 140, 'language': 457, 'eda': 62, 'ecg': 54}",4,"{'vision': 64, 'acoustic': 64, 'language': 64, 'eda': 64, 'ecg': 64}",0.01,0.01,0.01,0.5,0.5,0.5,1e-06,1e-06,1e-06,adam,adam,adam,2,100,200,20,40,1,False,False,None,mae+ccc,"['mae', 'ccc']",1706,output/checkpoint/recola_valence_1709342493.pt,"{'mae': 0.1202432887450537, 'ccc': 0.20808794403602768}"
recola_valence,True,residual,routing,True,True,False,32,256,0.01,0.9,1e-06,adam,"{'vision': 125, 'acoustic': 140, 'language': 457, 'eda': 62, 'ecg': 54}","{'vision': 188, 'acoustic': 210, 'language': 686, 'eda': 96, 'ecg': 82}","{'vision': 125, 'acoustic': 140, 'language': 457, 'eda': 62, 'ecg': 54}",2,"{'vision': 64, 'acoustic': 64, 'language': 64, 'eda': 64, 'ecg': 64}",0.1,0.1,0.01,0.9,0.9,0.9,1e-06,1e-06,1e-06,adam,adam,adam,2,100,200,20,40,1,False,False,None,mae+ccc,"['mae', 'ccc']",1706,output/checkpoint/recola_valence_1709342912.pt,"{'mae': 0.10936866845201476, 'ccc': 0.0739527146855833}"
recola_valence,True,residual,routing,True,True,False,32,256,0.01,0.5,1e-06,adam,"{'vision': 125, 'acoustic': 140, 'language': 457, 'eda': 62, 'ecg': 54}","{'vision': 188, 'acoustic': 210, 'language': 686, 'eda': 96, 'ecg': 82}","{'vision': 125, 'acoustic': 140, 'language': 457, 'eda': 62, 'ecg': 54}",2,"{'vision': 64, 'acoustic': 64, 'language': 64, 'eda': 64, 'ecg': 64}",0.1,0.01,0.01,0.5,0.5,0.5,1e-06,1e-06,1e-06,adam,adam,adam,2,100,200,20,40,1,False,False,None,mae+ccc,"['mae', 'ccc']",1706,output/checkpoint/recola_valence_1709343038.pt,"{'mae': 0.12027547602020551, 'ccc': 0.3074517662567102}"
recola_valence,True,residual,routing,True,True,False,32,256,0.1,0.5,1e-06,adam,"{'vision': 125, 'acoustic': 140, 'language': 457, 'eda': 62, 'ecg': 54}","{'vision': 188, 'acoustic': 210, 'language': 686, 'eda': 96, 'ecg': 82}","{'vision': 125, 'acoustic': 140, 'language': 457, 'eda': 62, 'ecg': 54}",4,"{'vision': 64, 'acoustic': 64, 'language': 64, 'eda': 64, 'ecg': 64}",0.01,0.01,0.01,0.5,0.5,0.5,1e-06,1e-06,1e-06,adam,adam,adam,2,100,200,20,40,1,False,False,None,mae+ccc,"['mae', 'ccc']",1706,output/checkpoint/recola_valence_1709344326.pt,"{'mae': 0.14942479187230448, 'ccc': 0.266466720824524}"
recola_valence,True,residual,routing,True,True,False,32,256,0.01,0.9,1e-06,adam,"{'vision': 125, 'acoustic': 140, 'language': 457, 'eda': 62, 'ecg': 54}","{'vision': 188, 'acoustic': 210, 'language': 686, 'eda': 96, 'ecg': 82}","{'vision': 125, 'acoustic': 140, 'language': 457, 'eda': 62, 'ecg': 54}",2,"{'vision': 64, 'acoustic': 64, 'language': 64, 'eda': 64, 'ecg': 64}",0.1,0.1,0.01,0.9,0.9,0.9,1e-06,1e-06,1e-06,adam,adam,adam,2,100,200,20,40,1,False,False,None,mae+ccc,"['mae', 'ccc']",1706,output/checkpoint/recola_valence_1709344677.pt,"{'mae': 0.1114159871727253, 'ccc': 0.3516262571094116}"
recola_valence,True,residual,routing,True,True,False,32,256,0.01,0.5,1e-06,adam,"{'vision': 125, 'acoustic': 140, 'language': 457, 'eda': 62, 'ecg': 54}","{'vision': 188, 'acoustic': 210, 'language': 686, 'eda': 96, 'ecg': 82}","{'vision': 125, 'acoustic': 140, 'language': 457, 'eda': 62, 'ecg': 54}",2,"{'vision': 64, 'acoustic': 64, 'language': 64, 'eda': 64, 'ecg': 64}",0.1,0.01,0.01,0.5,0.5,0.5,1e-06,1e-06,1e-06,adam,adam,adam,2,100,200,20,40,1,False,False,None,mae+ccc,"['mae', 'ccc']",1706,output/checkpoint/recola_valence_1709344803.pt,"{'mae': 0.12679455929131397, 'ccc': 0.16466227110295634}"
recola_valence,True,residual,routing,True,True,False,32,256,0.1,0.5,1e-06,adam,"{'vision': 125, 'acoustic': 140, 'language': 457, 'eda': 62, 'ecg': 54}","{'vision': 188, 'acoustic': 210, 'language': 686, 'eda': 96, 'ecg': 82}","{'vision': 125, 'acoustic': 140, 'language': 457, 'eda': 62, 'ecg': 54}",4,"{'vision': 64, 'acoustic': 64, 'language': 64, 'eda': 64, 'ecg': 64}",0.01,0.01,0.01,0.5,0.5,0.5,1e-06,1e-06,1e-06,adam,adam,adam,2,100,200,20,40,1,False,False,None,mae+ccc,"['mae', 'ccc']",1706,output/checkpoint/recola_valence_1709346087.pt,"{'mae': 0.23913387809110045, 'ccc': 0.06246466918164441}"
recola_valence,True,residual,routing,True,True,False,32,256,0.01,0.9,1e-06,adam,"{'vision': 125, 'acoustic': 140, 'language': 457, 'eda': 62, 'ecg': 54}","{'vision': 188, 'acoustic': 210, 'language': 686, 'eda': 96, 'ecg': 82}","{'vision': 125, 'acoustic': 140, 'language': 457, 'eda': 62, 'ecg': 54}",2,"{'vision': 64, 'acoustic': 64, 'language': 64, 'eda': 64, 'ecg': 64}",0.1,0.1,0.01,0.9,0.9,0.9,1e-06,1e-06,1e-06,adam,adam,adam,2,100,200,20,40,1,False,False,None,mae+ccc,"['mae', 'ccc']",1706,output/checkpoint/recola_valence_1709346390.pt,"{'mae': 0.09969426898533137, 'ccc': 0.40917475488832145}"
recola_valence,True,residual,routing,True,True,False,32,256,0.01,0.5,1e-06,adam,"{'vision': 125, 'acoustic': 140, 'language': 457, 'eda': 62, 'ecg': 54}","{'vision': 188, 'acoustic': 210, 'language': 686, 'eda': 96, 'ecg': 82}","{'vision': 125, 'acoustic': 140, 'language': 457, 'eda': 62, 'ecg': 54}",2,"{'vision': 64, 'acoustic': 64, 'language': 64, 'eda': 64, 'ecg': 64}",0.1,0.01,0.01,0.5,0.5,0.5,1e-06,1e-06,1e-06,adam,adam,adam,2,100,200,20,40,1,False,False,None,mae+ccc,"['mae', 'ccc']",1706,output/checkpoint/recola_valence_1709346607.pt,"{'mae': 0.11075527856008796, 'ccc': 0.3024112037702419}"
recola_valence,True,residual,routing,True,True,False,32,256,0.1,0.5,1e-06,adam,"{'vision': 125, 'acoustic': 140, 'language': 457, 'eda': 62, 'ecg': 54}","{'vision': 188, 'acoustic': 210, 'language': 686, 'eda': 96, 'ecg': 82}","{'vision': 125, 'acoustic': 140, 'language': 457, 'eda': 62, 'ecg': 54}",4,"{'vision': 64, 'acoustic': 64, 'language': 64, 'eda': 64, 'ecg': 64}",0.01,0.01,0.01,0.5,0.5,0.5,1e-06,1e-06,1e-06,adam,adam,adam,2,100,200,20,40,1,False,False,None,mae+ccc,"['mae', 'ccc']",1706,output/checkpoint/recola_valence_1709347766.pt,"{'mae': 0.1202432887450537, 'ccc': 0.20808794403602768}"
recola_valence,True,residual,routing,True,True,False,32,256,0.01,0.9,1e-06,adam,"{'vision': 125, 'acoustic': 140, 'language': 457, 'eda': 62, 'ecg': 54}","{'vision': 188, 'acoustic': 210, 'language': 686, 'eda': 96, 'ecg': 82}","{'vision': 125, 'acoustic': 140, 'language': 457, 'eda': 62, 'ecg': 54}",2,"{'vision': 64, 'acoustic': 64, 'language': 64, 'eda': 64, 'ecg': 64}",0.1,0.1,0.01,0.9,0.9,0.9,1e-06,1e-06,1e-06,adam,adam,adam,2,100,200,20,40,1,False,False,None,mae+ccc,"['mae', 'ccc']",1706,output/checkpoint/recola_valence_1709348211.pt,"{'mae': 0.118288873477255, 'ccc': 0.18319243483085065}"
recola_valence,True,residual,routing,True,True,False,32,256,0.01,0.5,1e-06,adam,"{'vision': 125, 'acoustic': 140, 'language': 457, 'eda': 62, 'ecg': 54}","{'vision': 188, 'acoustic': 210, 'language': 686, 'eda': 96, 'ecg': 82}","{'vision': 125, 'acoustic': 140, 'language': 457, 'eda': 62, 'ecg': 54}",2,"{'vision': 64, 'acoustic': 64, 'language': 64, 'eda': 64, 'ecg': 64}",0.1,0.01,0.01,0.5,0.5,0.5,1e-06,1e-06,1e-06,adam,adam,adam,2,100,200,20,40,1,False,False,None,mae+ccc,"['mae', 'ccc']",1706,output/checkpoint/recola_valence_1709348360.pt,"{'mae': 0.12679455929131397, 'ccc': 0.16466227110295634}"
recola_valence,True,residual,routing,True,True,False,32,256,0.1,0.5,1e-06,adam,"{'vision': 125, 'acoustic': 140, 'language': 457, 'eda': 62, 'ecg': 54}","{'vision': 188, 'acoustic': 210, 'language': 686, 'eda': 96, 'ecg': 82}","{'vision': 125, 'acoustic': 140, 'language': 457, 'eda': 62, 'ecg': 54}",4,"{'vision': 64, 'acoustic': 64, 'language': 64, 'eda': 64, 'ecg': 64}",0.01,0.01,0.01,0.5,0.5,0.5,1e-06,1e-06,1e-06,adam,adam,adam,2,100,200,20,40,1,False,False,None,mae+ccc,"['mae', 'ccc']",1706,output/checkpoint/recola_valence_1709349586.pt,"{'mae': 0.4839804359446097, 'ccc': 0.03394942287070006}"
recola_valence,True,residual,routing,True,True,False,32,256,0.01,0.9,1e-06,adam,"{'vision': 125, 'acoustic': 140, 'language': 457, 'eda': 62, 'ecg': 54}","{'vision': 188, 'acoustic': 210, 'language': 686, 'eda': 96, 'ecg': 82}","{'vision': 125, 'acoustic': 140, 'language': 457, 'eda': 62, 'ecg': 54}",2,"{'vision': 64, 'acoustic': 64, 'language': 64, 'eda': 64, 'ecg': 64}",0.1,0.1,0.01,0.9,0.9,0.9,1e-06,1e-06,1e-06,adam,adam,adam,2,100,200,20,40,1,False,False,None,mae+ccc,"['mae', 'ccc']",1706,output/checkpoint/recola_valence_1709350180.pt,"{'mae': 0.10640784421404725, 'ccc': 0.3871882490641738}"
recola_valence,True,residual,routing,True,True,False,32,256,0.01,0.5,1e-06,adam,"{'vision': 125, 'acoustic': 140, 'language': 457, 'eda': 62, 'ecg': 54}","{'vision': 188, 'acoustic': 210, 'language': 686, 'eda': 96, 'ecg': 82}","{'vision': 125, 'acoustic': 140, 'language': 457, 'eda': 62, 'ecg': 54}",2,"{'vision': 64, 'acoustic': 64, 'language': 64, 'eda': 64, 'ecg': 64}",0.1,0.01,0.01,0.5,0.5,0.5,1e-06,1e-06,1e-06,adam,adam,adam,2,100,200,20,40,1,False,False,None,mae+ccc,"['mae', 'ccc']",1706,output/checkpoint/recola_valence_1709350401.pt,"{'mae': 0.11368059250276961, 'ccc': 0.4337659472811177}"
recola_valence,True,residual,routing,True,True,False,32,256,0.1,0.5,1e-06,adam,"{'vision': 125, 'acoustic': 140, 'language': 457, 'eda': 62, 'ecg': 54}","{'vision': 188, 'acoustic': 210, 'language': 686, 'eda': 96, 'ecg': 82}","{'vision': 125, 'acoustic': 140, 'language': 457, 'eda': 62, 'ecg': 54}",4,"{'vision': 64, 'acoustic': 64, 'language': 64, 'eda': 64, 'ecg': 64}",0.01,0.01,0.01,0.5,0.5,0.5,1e-06,1e-06,1e-06,adam,adam,adam,2,100,200,20,40,1,False,False,None,mae+ccc,"['mae', 'ccc']",1706,output/checkpoint/recola_valence_1709351526.pt,"{'mae': 0.14942479187230448, 'ccc': 0.266466720824524}"
recola_valence,True,residual,routing,True,True,False,32,256,0.01,0.9,1e-06,adam,"{'vision': 125, 'acoustic': 140, 'language': 457, 'eda': 62, 'ecg': 54}","{'vision': 188, 'acoustic': 210, 'language': 686, 'eda': 96, 'ecg': 82}","{'vision': 125, 'acoustic': 140, 'language': 457, 'eda': 62, 'ecg': 54}",2,"{'vision': 64, 'acoustic': 64, 'language': 64, 'eda': 64, 'ecg': 64}",0.1,0.1,0.01,0.9,0.9,0.9,1e-06,1e-06,1e-06,adam,adam,adam,2,100,200,20,40,1,False,False,None,mae+ccc,"['mae', 'ccc']",1706,output/checkpoint/recola_valence_1709351765.pt,"{'mae': 0.09706943597211412, 'ccc': 0.27206773447696453}"
recola_valence,True,residual,routing,True,True,False,32,256,0.01,0.5,1e-06,adam,"{'vision': 125, 'acoustic': 140, 'language': 457, 'eda': 62, 'ecg': 54}","{'vision': 188, 'acoustic': 210, 'language': 686, 'eda': 96, 'ecg': 82}","{'vision': 125, 'acoustic': 140, 'language': 457, 'eda': 62, 'ecg': 54}",2,"{'vision': 64, 'acoustic': 64, 'language': 64, 'eda': 64, 'ecg': 64}",0.1,0.01,0.01,0.5,0.5,0.5,1e-06,1e-06,1e-06,adam,adam,adam,2,100,200,20,40,1,False,False,None,mae+ccc,"['mae', 'ccc']",1706,output/checkpoint/recola_valence_1709351893.pt,"{'mae': 0.13565687209262658, 'ccc': 0.3435282136521389}"
recola_valence,True,residual,routing,True,True,False,32,256,0.1,0.5,1e-06,adam,"{'vision': 125, 'acoustic': 140, 'language': 457, 'eda': 62, 'ecg': 54}","{'vision': 188, 'acoustic': 210, 'language': 686, 'eda': 96, 'ecg': 82}","{'vision': 125, 'acoustic': 140, 'language': 457, 'eda': 62, 'ecg': 54}",4,"{'vision': 64, 'acoustic': 64, 'language': 64, 'eda': 64, 'ecg': 64}",0.01,0.01,0.01,0.5,0.5,0.5,1e-06,1e-06,1e-06,adam,adam,adam,2,100,200,20,40,1,False,False,None,mae+ccc,"['mae', 'ccc']",1706,output/checkpoint/recola_valence_1709353181.pt,"{'mae': 0.15715442825974898, 'ccc': 0.17130335622285703}"
recola_valence,True,residual,routing,True,True,False,32,256,0.01,0.9,1e-06,adam,"{'vision': 125, 'acoustic': 140, 'language': 457, 'eda': 62, 'ecg': 54}","{'vision': 188, 'acoustic': 210, 'language': 686, 'eda': 96, 'ecg': 82}","{'vision': 125, 'acoustic': 140, 'language': 457, 'eda': 62, 'ecg': 54}",2,"{'vision': 64, 'acoustic': 64, 'language': 64, 'eda': 64, 'ecg': 64}",0.1,0.1,0.01,0.9,0.9,0.9,1e-06,1e-06,1e-06,adam,adam,adam,2,100,200,20,40,1,False,False,None,mae+ccc,"['mae', 'ccc']",1706,output/checkpoint/recola_valence_1709353605.pt,"{'mae': 0.09969426898533137, 'ccc': 0.40917475488832145}"
recola_valence,True,residual,routing,True,True,False,32,256,0.01,0.5,1e-06,adam,"{'vision': 125, 'acoustic': 140, 'language': 457, 'eda': 62, 'ecg': 54}","{'vision': 188, 'acoustic': 210, 'language': 686, 'eda': 96, 'ecg': 82}","{'vision': 125, 'acoustic': 140, 'language': 457, 'eda': 62, 'ecg': 54}",2,"{'vision': 64, 'acoustic': 64, 'language': 64, 'eda': 64, 'ecg': 64}",0.1,0.01,0.01,0.5,0.5,0.5,1e-06,1e-06,1e-06,adam,adam,adam,2,100,200,20,40,1,False,False,None,mae+ccc,"['mae', 'ccc']",1706,output/checkpoint/recola_valence_1709353824.pt,"{'mae': 0.11158563535120658, 'ccc': 0.3576179939616505}"
recola_valence,True,residual,routing,True,True,False,32,256,0.1,0.5,1e-06,adam,"{'vision': 125, 'acoustic': 140, 'language': 457, 'eda': 62, 'ecg': 54}","{'vision': 188, 'acoustic': 210, 'language': 686, 'eda': 96, 'ecg': 82}","{'vision': 125, 'acoustic': 140, 'language': 457, 'eda': 62, 'ecg': 54}",4,"{'vision': 64, 'acoustic': 64, 'language': 64, 'eda': 64, 'ecg': 64}",0.01,0.01,0.01,0.5,0.5,0.5,1e-06,1e-06,1e-06,adam,adam,adam,2,100,200,20,40,1,False,False,None,mae+ccc,"['mae', 'ccc']",1706,output/checkpoint/recola_valence_1709354933.pt,"{'mae': 0.23913387809110045, 'ccc': 0.06246466918164441}"
recola_valence,True,residual,routing,True,True,False,32,256,0.01,0.9,1e-06,adam,"{'vision': 125, 'acoustic': 140, 'language': 457, 'eda': 62, 'ecg': 54}","{'vision': 188, 'acoustic': 210, 'language': 686, 'eda': 96, 'ecg': 82}","{'vision': 125, 'acoustic': 140, 'language': 457, 'eda': 62, 'ecg': 54}",2,"{'vision': 64, 'acoustic': 64, 'language': 64, 'eda': 64, 'ecg': 64}",0.1,0.1,0.01,0.9,0.9,0.9,1e-06,1e-06,1e-06,adam,adam,adam,2,100,200,20,40,1,False,False,None,mae+ccc,"['mae', 'ccc']",1706,output/checkpoint/recola_valence_1709355302.pt,"{'mae': 0.10640784421404725, 'ccc': 0.3871882490641738}"
recola_valence,True,residual,routing,True,True,False,32,256,0.01,0.5,1e-06,adam,"{'vision': 125, 'acoustic': 140, 'language': 457, 'eda': 62, 'ecg': 54}","{'vision': 188, 'acoustic': 210, 'language': 686, 'eda': 96, 'ecg': 82}","{'vision': 125, 'acoustic': 140, 'language': 457, 'eda': 62, 'ecg': 54}",2,"{'vision': 64, 'acoustic': 64, 'language': 64, 'eda': 64, 'ecg': 64}",0.1,0.01,0.01,0.5,0.5,0.5,1e-06,1e-06,1e-06,adam,adam,adam,2,100,200,20,40,1,False,False,None,mae+ccc,"['mae', 'ccc']",1706,output/checkpoint/recola_valence_1709355515.pt,"{'mae': 0.12027547602020551, 'ccc': 0.3074517662567102}"
recola_valence,True,residual,routing,True,True,False,32,256,0.1,0.5,1e-06,adam,"{'vision': 125, 'acoustic': 140, 'language': 457, 'eda': 62, 'ecg': 54}","{'vision': 188, 'acoustic': 210, 'language': 686, 'eda': 96, 'ecg': 82}","{'vision': 125, 'acoustic': 140, 'language': 457, 'eda': 62, 'ecg': 54}",4,"{'vision': 64, 'acoustic': 64, 'language': 64, 'eda': 64, 'ecg': 64}",0.01,0.01,0.01,0.5,0.5,0.5,1e-06,1e-06,1e-06,adam,adam,adam,2,100,200,20,40,1,False,False,None,mae+ccc,"['mae', 'ccc']",1706,output/checkpoint/recola_valence_1709356777.pt,"{'mae': 0.13140421733497704, 'ccc': 0.1516361991259359}"
recola_valence,True,residual,routing,True,True,False,32,256,0.01,0.9,1e-06,adam,"{'vision': 125, 'acoustic': 140, 'language': 457, 'eda': 62, 'ecg': 54}","{'vision': 188, 'acoustic': 210, 'language': 686, 'eda': 96, 'ecg': 82}","{'vision': 125, 'acoustic': 140, 'language': 457, 'eda': 62, 'ecg': 54}",2,"{'vision': 64, 'acoustic': 64, 'language': 64, 'eda': 64, 'ecg': 64}",0.1,0.1,0.01,0.9,0.9,0.9,1e-06,1e-06,1e-06,adam,adam,adam,2,100,200,20,40,1,False,False,None,mae+ccc,"['mae', 'ccc']",1706,output/checkpoint/recola_valence_1709357170.pt,"{'mae': 0.09680144238126923, 'ccc': 0.331463061867297}"
recola_valence,True,residual,routing,True,True,False,32,256,0.01,0.5,1e-06,adam,"{'vision': 125, 'acoustic': 140, 'language': 457, 'eda': 62, 'ecg': 54}","{'vision': 188, 'acoustic': 210, 'language': 686, 'eda': 96, 'ecg': 82}","{'vision': 125, 'acoustic': 140, 'language': 457, 'eda': 62, 'ecg': 54}",2,"{'vision': 64, 'acoustic': 64, 'language': 64, 'eda': 64, 'ecg': 64}",0.1,0.01,0.01,0.5,0.5,0.5,1e-06,1e-06,1e-06,adam,adam,adam,2,100,200,20,40,1,False,False,None,mae+ccc,"['mae', 'ccc']",1706,output/checkpoint/recola_valence_1709357321.pt,"{'mae': 0.13565687209262658, 'ccc': 0.3435282136521389}"
recola_valence,True,residual,routing,True,True,False,32,256,0.1,0.5,1e-06,adam,"{'vision': 125, 'acoustic': 140, 'language': 457, 'eda': 62, 'ecg': 54}","{'vision': 188, 'acoustic': 210, 'language': 686, 'eda': 96, 'ecg': 82}","{'vision': 125, 'acoustic': 140, 'language': 457, 'eda': 62, 'ecg': 54}",4,"{'vision': 64, 'acoustic': 64, 'language': 64, 'eda': 64, 'ecg': 64}",0.01,0.01,0.01,0.5,0.5,0.5,1e-06,1e-06,1e-06,adam,adam,adam,2,100,200,20,40,1,False,False,None,mae+ccc,"['mae', 'ccc']",1706,output/checkpoint/recola_valence_1709358763.pt,"{'mae': 0.3091524793965095, 'ccc': 0.03188598022069227}"
recola_valence,True,residual,routing,True,True,False,32,256,0.01,0.9,1e-06,adam,"{'vision': 125, 'acoustic': 140, 'language': 457, 'eda': 62, 'ecg': 54}","{'vision': 188, 'acoustic': 210, 'language': 686, 'eda': 96, 'ecg': 82}","{'vision': 125, 'acoustic': 140, 'language': 457, 'eda': 62, 'ecg': 54}",2,"{'vision': 64, 'acoustic': 64, 'language': 64, 'eda': 64, 'ecg': 64}",0.1,0.1,0.01,0.9,0.9,0.9,1e-06,1e-06,1e-06,adam,adam,adam,2,100,200,20,40,1,False,False,None,mae+ccc,"['mae', 'ccc']",1706,output/checkpoint/recola_valence_1709359157.pt,"{'mae': 0.11875101485517223, 'ccc': 0.22566641767217094}"
recola_valence,True,residual,routing,True,True,False,32,256,0.01,0.5,1e-06,adam,"{'vision': 125, 'acoustic': 140, 'language': 457, 'eda': 62, 'ecg': 54}","{'vision': 188, 'acoustic': 210, 'language': 686, 'eda': 96, 'ecg': 82}","{'vision': 125, 'acoustic': 140, 'language': 457, 'eda': 62, 'ecg': 54}",2,"{'vision': 64, 'acoustic': 64, 'language': 64, 'eda': 64, 'ecg': 64}",0.1,0.01,0.01,0.5,0.5,0.5,1e-06,1e-06,1e-06,adam,adam,adam,2,100,200,20,40,1,False,False,None,mae+ccc,"['mae', 'ccc']",1706,output/checkpoint/recola_valence_1709359257.pt,"{'mae': 0.12079735500892116, 'ccc': 0.2593757776414}"
recola_valence,True,residual,routing,True,True,False,32,256,0.1,0.5,1e-06,adam,"{'vision': 125, 'acoustic': 140, 'language': 457, 'eda': 62, 'ecg': 54}","{'vision': 188, 'acoustic': 210, 'language': 686, 'eda': 96, 'ecg': 82}","{'vision': 125, 'acoustic': 140, 'language': 457, 'eda': 62, 'ecg': 54}",4,"{'vision': 64, 'acoustic': 64, 'language': 64, 'eda': 64, 'ecg': 64}",0.01,0.01,0.01,0.5,0.5,0.5,1e-06,1e-06,1e-06,adam,adam,adam,2,100,200,20,40,1,False,False,None,mae+ccc,"['mae', 'ccc']",1706,output/checkpoint/recola_valence_1709360372.pt,"{'mae': 0.4073543060230454, 'ccc': 0.02526101152913079}"
recola_valence,True,residual,routing,True,True,False,32,256,0.01,0.9,1e-06,adam,"{'vision': 125, 'acoustic': 140, 'language': 457, 'eda': 62, 'ecg': 54}","{'vision': 188, 'acoustic': 210, 'language': 686, 'eda': 96, 'ecg': 82}","{'vision': 125, 'acoustic': 140, 'language': 457, 'eda': 62, 'ecg': 54}",2,"{'vision': 64, 'acoustic': 64, 'language': 64, 'eda': 64, 'ecg': 64}",0.1,0.1,0.01,0.9,0.9,0.9,1e-06,1e-06,1e-06,adam,adam,adam,2,100,200,20,40,1,False,False,None,mae+ccc,"['mae', 'ccc']",1706,output/checkpoint/recola_valence_1709360629.pt,"{'mae': 0.10640784421404725, 'ccc': 0.3871882490641738}"
recola_valence,True,residual,routing,True,True,False,32,256,0.01,0.5,1e-06,adam,"{'vision': 125, 'acoustic': 140, 'language': 457, 'eda': 62, 'ecg': 54}","{'vision': 188, 'acoustic': 210, 'language': 686, 'eda': 96, 'ecg': 82}","{'vision': 125, 'acoustic': 140, 'language': 457, 'eda': 62, 'ecg': 54}",2,"{'vision': 64, 'acoustic': 64, 'language': 64, 'eda': 64, 'ecg': 64}",0.1,0.01,0.01,0.5,0.5,0.5,1e-06,1e-06,1e-06,adam,adam,adam,2,100,200,20,40,1,False,False,None,mae+ccc,"['mae', 'ccc']",1706,output/checkpoint/recola_valence_1709360846.pt,"{'mae': 0.10562166169503326, 'ccc': 0.34045797680226564}"
recola_valence,True,residual,routing,True,True,False,32,256,0.1,0.5,1e-06,adam,"{'vision': 125, 'acoustic': 140, 'language': 457, 'eda': 62, 'ecg': 54}","{'vision': 188, 'acoustic': 210, 'language': 686, 'eda': 96, 'ecg': 82}","{'vision': 125, 'acoustic': 140, 'language': 457, 'eda': 62, 'ecg': 54}",4,"{'vision': 64, 'acoustic': 64, 'language': 64, 'eda': 64, 'ecg': 64}",0.01,0.01,0.01,0.5,0.5,0.5,1e-06,1e-06,1e-06,adam,adam,adam,2,100,200,20,40,1,False,False,None,mae+ccc,"['mae', 'ccc']",1706,output/checkpoint/recola_valence_1709361905.pt,"{'mae': 0.23913387809110045, 'ccc': 0.06246466918164441}"
recola_valence,True,residual,routing,True,True,False,32,256,0.01,0.9,1e-06,adam,"{'vision': 125, 'acoustic': 140, 'language': 457, 'eda': 62, 'ecg': 54}","{'vision': 188, 'acoustic': 210, 'language': 686, 'eda': 96, 'ecg': 82}","{'vision': 125, 'acoustic': 140, 'language': 457, 'eda': 62, 'ecg': 54}",2,"{'vision': 64, 'acoustic': 64, 'language': 64, 'eda': 64, 'ecg': 64}",0.1,0.1,0.01,0.9,0.9,0.9,1e-06,1e-06,1e-06,adam,adam,adam,2,100,200,20,40,1,False,False,None,mae+ccc,"['mae', 'ccc']",1706,output/checkpoint/recola_valence_1709362228.pt,"{'mae': 0.11407293125400303, 'ccc': 0.29594112122267646}"
recola_valence,True,residual,routing,True,True,False,32,256,0.01,0.5,1e-06,adam,"{'vision': 125, 'acoustic': 140, 'language': 457, 'eda': 62, 'ecg': 54}","{'vision': 188, 'acoustic': 210, 'language': 686, 'eda': 96, 'ecg': 82}","{'vision': 125, 'acoustic': 140, 'language': 457, 'eda': 62, 'ecg': 54}",2,"{'vision': 64, 'acoustic': 64, 'language': 64, 'eda': 64, 'ecg': 64}",0.1,0.01,0.01,0.5,0.5,0.5,1e-06,1e-06,1e-06,adam,adam,adam,2,100,200,20,40,1,False,False,None,mae+ccc,"['mae', 'ccc']",1706,output/checkpoint/recola_valence_1709362312.pt,"{'mae': 0.12027547602020551, 'ccc': 0.3074517662567102}"
recola_valence,True,residual,routing,True,True,False,32,256,0.1,0.5,1e-06,adam,"{'vision': 125, 'acoustic': 140, 'language': 457, 'eda': 62, 'ecg': 54}","{'vision': 188, 'acoustic': 210, 'language': 686, 'eda': 96, 'ecg': 82}","{'vision': 125, 'acoustic': 140, 'language': 457, 'eda': 62, 'ecg': 54}",4,"{'vision': 64, 'acoustic': 64, 'language': 64, 'eda': 64, 'ecg': 64}",0.01,0.01,0.01,0.5,0.5,0.5,1e-06,1e-06,1e-06,adam,adam,adam,2,100,200,20,40,1,False,False,None,mae+ccc,"['mae', 'ccc']",1706,output/checkpoint/recola_valence_1709363750.pt,"{'mae': 0.14942479187230448, 'ccc': 0.266466720824524}"
recola_valence,True,residual,routing,True,True,False,32,256,0.01,0.9,1e-06,adam,"{'vision': 125, 'acoustic': 140, 'language': 457, 'eda': 62, 'ecg': 54}","{'vision': 188, 'acoustic': 210, 'language': 686, 'eda': 96, 'ecg': 82}","{'vision': 125, 'acoustic': 140, 'language': 457, 'eda': 62, 'ecg': 54}",2,"{'vision': 64, 'acoustic': 64, 'language': 64, 'eda': 64, 'ecg': 64}",0.1,0.1,0.01,0.9,0.9,0.9,1e-06,1e-06,1e-06,adam,adam,adam,2,100,200,20,40,1,False,False,None,mae+ccc,"['mae', 'ccc']",1706,output/checkpoint/recola_valence_1709364079.pt,"{'mae': 0.10751768505204093, 'ccc': 0.3384657354117706}"
recola_valence,True,residual,routing,True,True,False,32,256,0.01,0.5,1e-06,adam,"{'vision': 125, 'acoustic': 140, 'language': 457, 'eda': 62, 'ecg': 54}","{'vision': 188, 'acoustic': 210, 'language': 686, 'eda': 96, 'ecg': 82}","{'vision': 125, 'acoustic': 140, 'language': 457, 'eda': 62, 'ecg': 54}",2,"{'vision': 64, 'acoustic': 64, 'language': 64, 'eda': 64, 'ecg': 64}",0.1,0.01,0.01,0.5,0.5,0.5,1e-06,1e-06,1e-06,adam,adam,adam,2,100,200,20,40,1,False,False,None,mae+ccc,"['mae', 'ccc']",1706,output/checkpoint/recola_valence_1709364183.pt,"{'mae': 0.12027547602020551, 'ccc': 0.3074517662567102}"
recola_valence,True,residual,routing,True,True,False,32,256,0.1,0.5,1e-06,adam,"{'vision': 125, 'acoustic': 140, 'language': 457, 'eda': 62, 'ecg': 54}","{'vision': 188, 'acoustic': 210, 'language': 686, 'eda': 96, 'ecg': 82}","{'vision': 125, 'acoustic': 140, 'language': 457, 'eda': 62, 'ecg': 54}",4,"{'vision': 64, 'acoustic': 64, 'language': 64, 'eda': 64, 'ecg': 64}",0.01,0.01,0.01,0.5,0.5,0.5,1e-06,1e-06,1e-06,adam,adam,adam,2,100,200,20,40,1,False,False,None,mae+ccc,"['mae', 'ccc']",1706,output/checkpoint/recola_valence_1709365609.pt,"{'mae': 0.10161120728646397, 'ccc': 0.2777553928394052}"
recola_valence,True,residual,routing,True,True,False,32,256,0.01,0.9,1e-06,adam,"{'vision': 125, 'acoustic': 140, 'language': 457, 'eda': 62, 'ecg': 54}","{'vision': 188, 'acoustic': 210, 'language': 686, 'eda': 96, 'ecg': 82}","{'vision': 125, 'acoustic': 140, 'language': 457, 'eda': 62, 'ecg': 54}",2,"{'vision': 64, 'acoustic': 64, 'language': 64, 'eda': 64, 'ecg': 64}",0.1,0.1,0.01,0.9,0.9,0.9,1e-06,1e-06,1e-06,adam,adam,adam,2,100,200,20,40,1,False,False,None,mae+ccc,"['mae', 'ccc']",1706,output/checkpoint/recola_valence_1709366206.pt,"{'mae': 0.09969426898533137, 'ccc': 0.40917475488832145}"
recola_valence,True,residual,routing,True,True,False,32,256,0.01,0.5,1e-06,adam,"{'vision': 125, 'acoustic': 140, 'language': 457, 'eda': 62, 'ecg': 54}","{'vision': 188, 'acoustic': 210, 'language': 686, 'eda': 96, 'ecg': 82}","{'vision': 125, 'acoustic': 140, 'language': 457, 'eda': 62, 'ecg': 54}",2,"{'vision': 64, 'acoustic': 64, 'language': 64, 'eda': 64, 'ecg': 64}",0.1,0.01,0.01,0.5,0.5,0.5,1e-06,1e-06,1e-06,adam,adam,adam,2,100,200,20,40,1,False,False,None,mae+ccc,"['mae', 'ccc']",1706,output/checkpoint/recola_valence_1709366425.pt,"{'mae': 0.11824426349038185, 'ccc': 0.05261361180205039}"
recola_valence,True,residual,routing,True,True,False,32,256,0.1,0.5,1e-06,adam,"{'vision': 125, 'acoustic': 140, 'language': 457, 'eda': 62, 'ecg': 54}","{'vision': 188, 'acoustic': 210, 'language': 686, 'eda': 96, 'ecg': 82}","{'vision': 125, 'acoustic': 140, 'language': 457, 'eda': 62, 'ecg': 54}",4,"{'vision': 64, 'acoustic': 64, 'language': 64, 'eda': 64, 'ecg': 64}",0.01,0.01,0.01,0.5,0.5,0.5,1e-06,1e-06,1e-06,adam,adam,adam,2,100,200,20,40,1,False,False,None,mae+ccc,"['mae', 'ccc']",1706,output/checkpoint/recola_valence_1709367364.pt,"{'mae': 0.14942479187230448, 'ccc': 0.266466720824524}"
recola_valence,True,residual,routing,True,True,False,32,256,0.01,0.9,1e-06,adam,"{'vision': 125, 'acoustic': 140, 'language': 457, 'eda': 62, 'ecg': 54}","{'vision': 188, 'acoustic': 210, 'language': 686, 'eda': 96, 'ecg': 82}","{'vision': 125, 'acoustic': 140, 'language': 457, 'eda': 62, 'ecg': 54}",2,"{'vision': 64, 'acoustic': 64, 'language': 64, 'eda': 64, 'ecg': 64}",0.1,0.1,0.01,0.9,0.9,0.9,1e-06,1e-06,1e-06,adam,adam,adam,2,100,200,20,40,1,False,False,None,mae+ccc,"['mae', 'ccc']",1706,output/checkpoint/recola_valence_1709367664.pt,"{'mae': 0.0943288715475345, 'ccc': 0.4834670156423044}"
recola_valence,True,residual,routing,True,True,False,32,256,0.01,0.5,1e-06,adam,"{'vision': 125, 'acoustic': 140, 'language': 457, 'eda': 62, 'ecg': 54}","{'vision': 188, 'acoustic': 210, 'language': 686, 'eda': 96, 'ecg': 82}","{'vision': 125, 'acoustic': 140, 'language': 457, 'eda': 62, 'ecg': 54}",2,"{'vision': 64, 'acoustic': 64, 'language': 64, 'eda': 64, 'ecg': 64}",0.1,0.01,0.01,0.5,0.5,0.5,1e-06,1e-06,1e-06,adam,adam,adam,2,100,200,20,40,1,False,False,None,mae+ccc,"['mae', 'ccc']",1706,output/checkpoint/recola_valence_1709367862.pt,"{'mae': 0.10289069890412794, 'ccc': 0.2511753278359927}"
recola_valence,True,residual,routing,True,True,False,32,256,0.1,0.5,1e-06,adam,"{'vision': 125, 'acoustic': 140, 'language': 457, 'eda': 62, 'ecg': 54}","{'vision': 188, 'acoustic': 210, 'language': 686, 'eda': 96, 'ecg': 82}","{'vision': 125, 'acoustic': 140, 'language': 457, 'eda': 62, 'ecg': 54}",4,"{'vision': 64, 'acoustic': 64, 'language': 64, 'eda': 64, 'ecg': 64}",0.01,0.01,0.01,0.5,0.5,0.5,1e-06,1e-06,1e-06,adam,adam,adam,2,100,200,20,40,1,False,False,None,mae+ccc,"['mae', 'ccc']",1706,output/checkpoint/recola_valence_1709369342.pt,"{'mae': 0.23913387809110045, 'ccc': 0.06246466918164441}"
recola_valence,True,residual,routing,True,True,False,32,256,0.01,0.9,1e-06,adam,"{'vision': 125, 'acoustic': 140, 'language': 457, 'eda': 62, 'ecg': 54}","{'vision': 188, 'acoustic': 210, 'language': 686, 'eda': 96, 'ecg': 82}","{'vision': 125, 'acoustic': 140, 'language': 457, 'eda': 62, 'ecg': 54}",2,"{'vision': 64, 'acoustic': 64, 'language': 64, 'eda': 64, 'ecg': 64}",0.1,0.1,0.01,0.9,0.9,0.9,1e-06,1e-06,1e-06,adam,adam,adam,2,100,200,20,40,1,False,False,None,mae+ccc,"['mae', 'ccc']",1706,output/checkpoint/recola_valence_1709369661.pt,"{'mae': 0.09706943597211412, 'ccc': 0.27206773447696453}"
recola_valence,True,residual,routing,True,True,False,32,256,0.01,0.5,1e-06,adam,"{'vision': 125, 'acoustic': 140, 'language': 457, 'eda': 62, 'ecg': 54}","{'vision': 188, 'acoustic': 210, 'language': 686, 'eda': 96, 'ecg': 82}","{'vision': 125, 'acoustic': 140, 'language': 457, 'eda': 62, 'ecg': 54}",2,"{'vision': 64, 'acoustic': 64, 'language': 64, 'eda': 64, 'ecg': 64}",0.1,0.01,0.01,0.5,0.5,0.5,1e-06,1e-06,1e-06,adam,adam,adam,2,100,200,20,40,1,False,False,None,mae+ccc,"['mae', 'ccc']",1706,output/checkpoint/recola_valence_1709369788.pt,"{'mae': 0.1213553730314576, 'ccc': 0.23529117312364245}"
recola_valence,True,residual,routing,True,True,False,32,256,0.1,0.5,1e-06,adam,"{'vision': 125, 'acoustic': 140, 'language': 457, 'eda': 62, 'ecg': 54}","{'vision': 188, 'acoustic': 210, 'language': 686, 'eda': 96, 'ecg': 82}","{'vision': 125, 'acoustic': 140, 'language': 457, 'eda': 62, 'ecg': 54}",4,"{'vision': 64, 'acoustic': 64, 'language': 64, 'eda': 64, 'ecg': 64}",0.01,0.01,0.01,0.5,0.5,0.5,1e-06,1e-06,1e-06,adam,adam,adam,2,100,200,20,40,1,False,False,None,mae+ccc,"['mae', 'ccc']",1706,output/checkpoint/recola_valence_1709370916.pt,"{'mae': 0.4839804359446097, 'ccc': 0.03394942287070006}"
recola_valence,True,residual,routing,True,True,False,32,256,0.01,0.9,1e-06,adam,"{'vision': 125, 'acoustic': 140, 'language': 457, 'eda': 62, 'ecg': 54}","{'vision': 188, 'acoustic': 210, 'language': 686, 'eda': 96, 'ecg': 82}","{'vision': 125, 'acoustic': 140, 'language': 457, 'eda': 62, 'ecg': 54}",2,"{'vision': 64, 'acoustic': 64, 'language': 64, 'eda': 64, 'ecg': 64}",0.1,0.1,0.01,0.9,0.9,0.9,1e-06,1e-06,1e-06,adam,adam,adam,2,100,200,20,40,1,False,False,None,mae+ccc,"['mae', 'ccc']",1706,output/checkpoint/recola_valence_1709371355.pt,"{'mae': 0.11840300694901269, 'ccc': 0.24861733584613102}"
recola_valence,True,residual,routing,True,True,False,32,256,0.01,0.5,1e-06,adam,"{'vision': 125, 'acoustic': 140, 'language': 457, 'eda': 62, 'ecg': 54}","{'vision': 188, 'acoustic': 210, 'language': 686, 'eda': 96, 'ecg': 82}","{'vision': 125, 'acoustic': 140, 'language': 457, 'eda': 62, 'ecg': 54}",2,"{'vision': 64, 'acoustic': 64, 'language': 64, 'eda': 64, 'ecg': 64}",0.1,0.01,0.01,0.5,0.5,0.5,1e-06,1e-06,1e-06,adam,adam,adam,2,100,200,20,40,1,False,False,None,mae+ccc,"['mae', 'ccc']",1706,output/checkpoint/recola_valence_1709371528.pt,"{'mae': 0.11824426349038185, 'ccc': 0.05261361180205039}"
recola_valence,True,residual,routing,True,True,False,32,256,0.1,0.5,1e-06,adam,"{'vision': 125, 'acoustic': 140, 'language': 457, 'eda': 62, 'ecg': 54}","{'vision': 188, 'acoustic': 210, 'language': 686, 'eda': 96, 'ecg': 82}","{'vision': 125, 'acoustic': 140, 'language': 457, 'eda': 62, 'ecg': 54}",4,"{'vision': 64, 'acoustic': 64, 'language': 64, 'eda': 64, 'ecg': 64}",0.01,0.01,0.01,0.5,0.5,0.5,1e-06,1e-06,1e-06,adam,adam,adam,2,100,200,20,40,1,False,False,None,mae+ccc,"['mae', 'ccc']",1706,output/checkpoint/recola_valence_1709372639.pt,"{'mae': 0.3091524793965095, 'ccc': 0.03188598022069227}"
recola_valence,True,residual,routing,True,True,False,32,256,0.01,0.9,1e-06,adam,"{'vision': 125, 'acoustic': 140, 'language': 457, 'eda': 62, 'ecg': 54}","{'vision': 188, 'acoustic': 210, 'language': 686, 'eda': 96, 'ecg': 82}","{'vision': 125, 'acoustic': 140, 'language': 457, 'eda': 62, 'ecg': 54}",2,"{'vision': 64, 'acoustic': 64, 'language': 64, 'eda': 64, 'ecg': 64}",0.1,0.1,0.01,0.9,0.9,0.9,1e-06,1e-06,1e-06,adam,adam,adam,2,100,200,20,40,1,False,False,None,mae+ccc,"['mae', 'ccc']",1706,output/checkpoint/recola_valence_1709373014.pt,"{'mae': 0.09969426898533137, 'ccc': 0.40917475488832145}"
recola_valence,True,residual,routing,True,True,False,32,256,0.01,0.5,1e-06,adam,"{'vision': 125, 'acoustic': 140, 'language': 457, 'eda': 62, 'ecg': 54}","{'vision': 188, 'acoustic': 210, 'language': 686, 'eda': 96, 'ecg': 82}","{'vision': 125, 'acoustic': 140, 'language': 457, 'eda': 62, 'ecg': 54}",2,"{'vision': 64, 'acoustic': 64, 'language': 64, 'eda': 64, 'ecg': 64}",0.1,0.01,0.01,0.5,0.5,0.5,1e-06,1e-06,1e-06,adam,adam,adam,2,100,200,20,40,1,False,False,None,mae+ccc,"['mae', 'ccc']",1706,output/checkpoint/recola_valence_1709373232.pt,"{'mae': 0.10289069890412794, 'ccc': 0.2511753278359927}"
recola_valence,True,residual,routing,True,True,False,32,256,0.1,0.5,1e-06,adam,"{'vision': 125, 'acoustic': 140, 'language': 457, 'eda': 62, 'ecg': 54}","{'vision': 188, 'acoustic': 210, 'language': 686, 'eda': 96, 'ecg': 82}","{'vision': 125, 'acoustic': 140, 'language': 457, 'eda': 62, 'ecg': 54}",4,"{'vision': 64, 'acoustic': 64, 'language': 64, 'eda': 64, 'ecg': 64}",0.01,0.01,0.01,0.5,0.5,0.5,1e-06,1e-06,1e-06,adam,adam,adam,2,100,200,20,40,1,False,False,None,mae+ccc,"['mae', 'ccc']",1706,output/checkpoint/recola_valence_1709374566.pt,"{'mae': 0.4073543060230454, 'ccc': 0.02526101152913079}"
recola_valence,True,residual,routing,True,True,False,32,256,0.01,0.9,1e-06,adam,"{'vision': 125, 'acoustic': 140, 'language': 457, 'eda': 62, 'ecg': 54}","{'vision': 188, 'acoustic': 210, 'language': 686, 'eda': 96, 'ecg': 82}","{'vision': 125, 'acoustic': 140, 'language': 457, 'eda': 62, 'ecg': 54}",2,"{'vision': 64, 'acoustic': 64, 'language': 64, 'eda': 64, 'ecg': 64}",0.1,0.1,0.01,0.9,0.9,0.9,1e-06,1e-06,1e-06,adam,adam,adam,2,100,200,20,40,1,False,False,None,mae+ccc,"['mae', 'ccc']",1706,output/checkpoint/recola_valence_1709374894.pt,"{'mae': 0.0943288715475345, 'ccc': 0.4834670156423044}"
recola_valence,True,residual,routing,True,True,False,32,256,0.01,0.5,1e-06,adam,"{'vision': 125, 'acoustic': 140, 'language': 457, 'eda': 62, 'ecg': 54}","{'vision': 188, 'acoustic': 210, 'language': 686, 'eda': 96, 'ecg': 82}","{'vision': 125, 'acoustic': 140, 'language': 457, 'eda': 62, 'ecg': 54}",2,"{'vision': 64, 'acoustic': 64, 'language': 64, 'eda': 64, 'ecg': 64}",0.1,0.01,0.01,0.5,0.5,0.5,1e-06,1e-06,1e-06,adam,adam,adam,2,100,200,20,40,1,False,False,None,mae+ccc,"['mae', 'ccc']",1706,output/checkpoint/recola_valence_1709375098.pt,"{'mae': 0.11824426349038185, 'ccc': 0.05261361180205039}"
recola_valence,True,residual,routing,True,True,False,32,256,0.1,0.5,1e-06,adam,"{'vision': 125, 'acoustic': 140, 'language': 457, 'eda': 62, 'ecg': 54}","{'vision': 188, 'acoustic': 210, 'language': 686, 'eda': 96, 'ecg': 82}","{'vision': 125, 'acoustic': 140, 'language': 457, 'eda': 62, 'ecg': 54}",4,"{'vision': 64, 'acoustic': 64, 'language': 64, 'eda': 64, 'ecg': 64}",0.01,0.01,0.01,0.5,0.5,0.5,1e-06,1e-06,1e-06,adam,adam,adam,2,100,200,20,40,1,False,False,None,mae+ccc,"['mae', 'ccc']",1706,output/checkpoint/recola_valence_1709376155.pt,"{'mae': 0.3552601327070619, 'ccc': 0.04113361273353411}"
recola_valence,True,residual,routing,True,True,False,32,256,0.01,0.9,1e-06,adam,"{'vision': 125, 'acoustic': 140, 'language': 457, 'eda': 62, 'ecg': 54}","{'vision': 188, 'acoustic': 210, 'language': 686, 'eda': 96, 'ecg': 82}","{'vision': 125, 'acoustic': 140, 'language': 457, 'eda': 62, 'ecg': 54}",2,"{'vision': 64, 'acoustic': 64, 'language': 64, 'eda': 64, 'ecg': 64}",0.1,0.1,0.01,0.9,0.9,0.9,1e-06,1e-06,1e-06,adam,adam,adam,2,100,200,20,40,1,False,False,None,mae+ccc,"['mae', 'ccc']",1706,output/checkpoint/recola_valence_1709376506.pt,"{'mae': 0.09969426898533137, 'ccc': 0.40917475488832145}"
recola_valence,True,residual,routing,True,True,False,32,256,0.01,0.5,1e-06,adam,"{'vision': 125, 'acoustic': 140, 'language': 457, 'eda': 62, 'ecg': 54}","{'vision': 188, 'acoustic': 210, 'language': 686, 'eda': 96, 'ecg': 82}","{'vision': 125, 'acoustic': 140, 'language': 457, 'eda': 62, 'ecg': 54}",2,"{'vision': 64, 'acoustic': 64, 'language': 64, 'eda': 64, 'ecg': 64}",0.1,0.01,0.01,0.5,0.5,0.5,1e-06,1e-06,1e-06,adam,adam,adam,2,100,200,20,40,1,False,False,None,mae+ccc,"['mae', 'ccc']",1706,output/checkpoint/recola_valence_1709376726.pt,"{'mae': 0.11075527856008796, 'ccc': 0.3024112037702419}"
recola_valence,True,residual,routing,True,True,False,32,256,0.1,0.5,1e-06,adam,"{'vision': 125, 'acoustic': 140, 'language': 457, 'eda': 62, 'ecg': 54}","{'vision': 188, 'acoustic': 210, 'language': 686, 'eda': 96, 'ecg': 82}","{'vision': 125, 'acoustic': 140, 'language': 457, 'eda': 62, 'ecg': 54}",4,"{'vision': 64, 'acoustic': 64, 'language': 64, 'eda': 64, 'ecg': 64}",0.01,0.01,0.01,0.5,0.5,0.5,1e-06,1e-06,1e-06,adam,adam,adam,2,100,200,20,40,1,False,False,None,mae+ccc,"['mae', 'ccc']",1706,output/checkpoint/recola_valence_1709378016.pt,"{'mae': 0.28993289915198056, 'ccc': -0.010974469192608974}"
recola_valence,True,residual,routing,True,True,False,32,256,0.01,0.9,1e-06,adam,"{'vision': 125, 'acoustic': 140, 'language': 457, 'eda': 62, 'ecg': 54}","{'vision': 188, 'acoustic': 210, 'language': 686, 'eda': 96, 'ecg': 82}","{'vision': 125, 'acoustic': 140, 'language': 457, 'eda': 62, 'ecg': 54}",2,"{'vision': 64, 'acoustic': 64, 'language': 64, 'eda': 64, 'ecg': 64}",0.1,0.1,0.01,0.9,0.9,0.9,1e-06,1e-06,1e-06,adam,adam,adam,2,100,200,20,40,1,False,False,None,mae+ccc,"['mae', 'ccc']",1706,output/checkpoint/recola_valence_1709378410.pt,"{'mae': 0.11480734870865783, 'ccc': 0.06595966985672645}"
recola_valence,True,residual,routing,True,True,False,32,256,0.01,0.5,1e-06,adam,"{'vision': 125, 'acoustic': 140, 'language': 457, 'eda': 62, 'ecg': 54}","{'vision': 188, 'acoustic': 210, 'language': 686, 'eda': 96, 'ecg': 82}","{'vision': 125, 'acoustic': 140, 'language': 457, 'eda': 62, 'ecg': 54}",2,"{'vision': 64, 'acoustic': 64, 'language': 64, 'eda': 64, 'ecg': 64}",0.1,0.01,0.01,0.5,0.5,0.5,1e-06,1e-06,1e-06,adam,adam,adam,2,100,200,20,40,1,False,False,None,mae+ccc,"['mae', 'ccc']",1706,output/checkpoint/recola_valence_1709378604.pt,"{'mae': 0.11162738997907279, 'ccc': 0.19109011339288848}"
recola_valence,True,residual,routing,True,True,False,32,256,0.1,0.5,1e-06,adam,"{'vision': 125, 'acoustic': 140, 'language': 457, 'eda': 62, 'ecg': 54}","{'vision': 188, 'acoustic': 210, 'language': 686, 'eda': 96, 'ecg': 82}","{'vision': 125, 'acoustic': 140, 'language': 457, 'eda': 62, 'ecg': 54}",4,"{'vision': 64, 'acoustic': 64, 'language': 64, 'eda': 64, 'ecg': 64}",0.01,0.01,0.01,0.5,0.5,0.5,1e-06,1e-06,1e-06,adam,adam,adam,2,100,200,20,40,1,False,False,None,mae+ccc,"['mae', 'ccc']",1706,output/checkpoint/recola_valence_1709380010.pt,"{'mae': 0.28993289915198056, 'ccc': -0.010974469192608974}"
recola_valence,True,residual,routing,True,True,False,32,256,0.01,0.9,1e-06,adam,"{'vision': 125, 'acoustic': 140, 'language': 457, 'eda': 62, 'ecg': 54}","{'vision': 188, 'acoustic': 210, 'language': 686, 'eda': 96, 'ecg': 82}","{'vision': 125, 'acoustic': 140, 'language': 457, 'eda': 62, 'ecg': 54}",2,"{'vision': 64, 'acoustic': 64, 'language': 64, 'eda': 64, 'ecg': 64}",0.1,0.1,0.01,0.9,0.9,0.9,1e-06,1e-06,1e-06,adam,adam,adam,2,100,200,20,40,1,False,False,None,mae+ccc,"['mae', 'ccc']",1706,output/checkpoint/recola_valence_1709380336.pt,"{'mae': 0.09706943597211412, 'ccc': 0.27206773447696453}"
recola_valence,True,residual,routing,True,True,False,32,256,0.01,0.5,1e-06,adam,"{'vision': 125, 'acoustic': 140, 'language': 457, 'eda': 62, 'ecg': 54}","{'vision': 188, 'acoustic': 210, 'language': 686, 'eda': 96, 'ecg': 82}","{'vision': 125, 'acoustic': 140, 'language': 457, 'eda': 62, 'ecg': 54}",2,"{'vision': 64, 'acoustic': 64, 'language': 64, 'eda': 64, 'ecg': 64}",0.1,0.01,0.01,0.5,0.5,0.5,1e-06,1e-06,1e-06,adam,adam,adam,2,100,200,20,40,1,False,False,None,mae+ccc,"['mae', 'ccc']",1706,output/checkpoint/recola_valence_1709380462.pt,"{'mae': 0.12079735500892116, 'ccc': 0.2593757776414}"
recola_valence,True,residual,routing,True,True,False,32,256,0.1,0.5,1e-06,adam,"{'vision': 125, 'acoustic': 140, 'language': 457, 'eda': 62, 'ecg': 54}","{'vision': 188, 'acoustic': 210, 'language': 686, 'eda': 96, 'ecg': 82}","{'vision': 125, 'acoustic': 140, 'language': 457, 'eda': 62, 'ecg': 54}",4,"{'vision': 64, 'acoustic': 64, 'language': 64, 'eda': 64, 'ecg': 64}",0.01,0.01,0.01,0.5,0.5,0.5,1e-06,1e-06,1e-06,adam,adam,adam,2,100,200,20,40,1,False,False,None,mae+ccc,"['mae', 'ccc']",1706,output/checkpoint/recola_valence_1709381509.pt,"{'mae': 0.23913387809110045, 'ccc': 0.06246466918164441}"
recola_valence,True,residual,routing,True,True,False,32,256,0.01,0.9,1e-06,adam,"{'vision': 125, 'acoustic': 140, 'language': 457, 'eda': 62, 'ecg': 54}","{'vision': 188, 'acoustic': 210, 'language': 686, 'eda': 96, 'ecg': 82}","{'vision': 125, 'acoustic': 140, 'language': 457, 'eda': 62, 'ecg': 54}",2,"{'vision': 64, 'acoustic': 64, 'language': 64, 'eda': 64, 'ecg': 64}",0.1,0.1,0.01,0.9,0.9,0.9,1e-06,1e-06,1e-06,adam,adam,adam,2,100,200,20,40,1,False,False,None,mae+ccc,"['mae', 'ccc']",1706,output/checkpoint/recola_valence_1709381796.pt,"{'mae': 0.10751768505204093, 'ccc': 0.3384657354117706}"
recola_valence,True,residual,routing,True,True,False,32,256,0.01,0.5,1e-06,adam,"{'vision': 125, 'acoustic': 140, 'language': 457, 'eda': 62, 'ecg': 54}","{'vision': 188, 'acoustic': 210, 'language': 686, 'eda': 96, 'ecg': 82}","{'vision': 125, 'acoustic': 140, 'language': 457, 'eda': 62, 'ecg': 54}",2,"{'vision': 64, 'acoustic': 64, 'language': 64, 'eda': 64, 'ecg': 64}",0.1,0.01,0.01,0.5,0.5,0.5,1e-06,1e-06,1e-06,adam,adam,adam,2,100,200,20,40,1,False,False,None,mae+ccc,"['mae', 'ccc']",1706,output/checkpoint/recola_valence_1709381901.pt,"{'mae': 0.12079735500892116, 'ccc': 0.2593757776414}"
recola_valence,True,residual,routing,True,True,False,32,256,0.1,0.5,1e-06,adam,"{'vision': 125, 'acoustic': 140, 'language': 457, 'eda': 62, 'ecg': 54}","{'vision': 188, 'acoustic': 210, 'language': 686, 'eda': 96, 'ecg': 82}","{'vision': 125, 'acoustic': 140, 'language': 457, 'eda': 62, 'ecg': 54}",4,"{'vision': 64, 'acoustic': 64, 'language': 64, 'eda': 64, 'ecg': 64}",0.01,0.01,0.01,0.5,0.5,0.5,1e-06,1e-06,1e-06,adam,adam,adam,2,100,200,20,40,1,False,False,None,mae+ccc,"['mae', 'ccc']",1706,output/checkpoint/recola_valence_1709382941.pt,"{'mae': 0.15986515737935453, 'ccc': 0.18188656449507243}"
recola_valence,True,residual,routing,True,True,False,32,256,0.01,0.9,1e-06,adam,"{'vision': 125, 'acoustic': 140, 'language': 457, 'eda': 62, 'ecg': 54}","{'vision': 188, 'acoustic': 210, 'language': 686, 'eda': 96, 'ecg': 82}","{'vision': 125, 'acoustic': 140, 'language': 457, 'eda': 62, 'ecg': 54}",2,"{'vision': 64, 'acoustic': 64, 'language': 64, 'eda': 64, 'ecg': 64}",0.1,0.1,0.01,0.9,0.9,0.9,1e-06,1e-06,1e-06,adam,adam,adam,2,100,200,20,40,1,False,False,None,mae+ccc,"['mae', 'ccc']",1706,output/checkpoint/recola_valence_1709383319.pt,"{'mae': 0.1114159871727253, 'ccc': 0.3516262571094116}"
recola_valence,True,residual,routing,True,True,False,32,256,0.01,0.5,1e-06,adam,"{'vision': 125, 'acoustic': 140, 'language': 457, 'eda': 62, 'ecg': 54}","{'vision': 188, 'acoustic': 210, 'language': 686, 'eda': 96, 'ecg': 82}","{'vision': 125, 'acoustic': 140, 'language': 457, 'eda': 62, 'ecg': 54}",2,"{'vision': 64, 'acoustic': 64, 'language': 64, 'eda': 64, 'ecg': 64}",0.1,0.01,0.01,0.5,0.5,0.5,1e-06,1e-06,1e-06,adam,adam,adam,2,100,200,20,40,1,False,False,None,mae+ccc,"['mae', 'ccc']",1706,output/checkpoint/recola_valence_1709383450.pt,"{'mae': 0.12027547602020551, 'ccc': 0.3074517662567102}"
recola_valence,True,residual,routing,True,True,False,32,256,0.1,0.5,1e-06,adam,"{'vision': 125, 'acoustic': 140, 'language': 457, 'eda': 62, 'ecg': 54}","{'vision': 188, 'acoustic': 210, 'language': 686, 'eda': 96, 'ecg': 82}","{'vision': 125, 'acoustic': 140, 'language': 457, 'eda': 62, 'ecg': 54}",4,"{'vision': 64, 'acoustic': 64, 'language': 64, 'eda': 64, 'ecg': 64}",0.01,0.01,0.01,0.5,0.5,0.5,1e-06,1e-06,1e-06,adam,adam,adam,2,100,200,20,40,1,False,False,None,mae+ccc,"['mae', 'ccc']",1706,output/checkpoint/recola_valence_1709384499.pt,"{'mae': 0.15986515737935453, 'ccc': 0.18188656449507243}"
recola_valence,True,residual,routing,True,True,False,32,256,0.01,0.9,1e-06,adam,"{'vision': 125, 'acoustic': 140, 'language': 457, 'eda': 62, 'ecg': 54}","{'vision': 188, 'acoustic': 210, 'language': 686, 'eda': 96, 'ecg': 82}","{'vision': 125, 'acoustic': 140, 'language': 457, 'eda': 62, 'ecg': 54}",2,"{'vision': 64, 'acoustic': 64, 'language': 64, 'eda': 64, 'ecg': 64}",0.1,0.1,0.01,0.9,0.9,0.9,1e-06,1e-06,1e-06,adam,adam,adam,2,100,200,20,40,1,False,False,None,mae+ccc,"['mae', 'ccc']",1706,output/checkpoint/recola_valence_1709384879.pt,"{'mae': 0.11480734870865783, 'ccc': 0.06595966985672645}"
recola_valence,True,residual,routing,True,True,False,32,256,0.01,0.5,1e-06,adam,"{'vision': 125, 'acoustic': 140, 'language': 457, 'eda': 62, 'ecg': 54}","{'vision': 188, 'acoustic': 210, 'language': 686, 'eda': 96, 'ecg': 82}","{'vision': 125, 'acoustic': 140, 'language': 457, 'eda': 62, 'ecg': 54}",2,"{'vision': 64, 'acoustic': 64, 'language': 64, 'eda': 64, 'ecg': 64}",0.1,0.01,0.01,0.5,0.5,0.5,1e-06,1e-06,1e-06,adam,adam,adam,2,100,200,20,40,1,False,False,None,mae+ccc,"['mae', 'ccc']",1706,output/checkpoint/recola_valence_1709385072.pt,"{'mae': 0.12056891315663767, 'ccc': 0.06443903143167884}"
recola_valence,True,residual,routing,True,True,False,32,256,0.1,0.5,1e-06,adam,"{'vision': 125, 'acoustic': 140, 'language': 457, 'eda': 62, 'ecg': 54}","{'vision': 188, 'acoustic': 210, 'language': 686, 'eda': 96, 'ecg': 82}","{'vision': 125, 'acoustic': 140, 'language': 457, 'eda': 62, 'ecg': 54}",4,"{'vision': 64, 'acoustic': 64, 'language': 64, 'eda': 64, 'ecg': 64}",0.01,0.01,0.01,0.5,0.5,0.5,1e-06,1e-06,1e-06,adam,adam,adam,2,100,200,20,40,1,False,False,None,mae+ccc,"['mae', 'ccc']",1706,output/checkpoint/recola_valence_1709386368.pt,"{'mae': 0.4073543060230454, 'ccc': 0.02526101152913079}"
recola_valence,True,residual,routing,True,True,False,32,256,0.01,0.9,1e-06,adam,"{'vision': 125, 'acoustic': 140, 'language': 457, 'eda': 62, 'ecg': 54}","{'vision': 188, 'acoustic': 210, 'language': 686, 'eda': 96, 'ecg': 82}","{'vision': 125, 'acoustic': 140, 'language': 457, 'eda': 62, 'ecg': 54}",2,"{'vision': 64, 'acoustic': 64, 'language': 64, 'eda': 64, 'ecg': 64}",0.1,0.1,0.01,0.9,0.9,0.9,1e-06,1e-06,1e-06,adam,adam,adam,2,100,200,20,40,1,False,False,None,mae+ccc,"['mae', 'ccc']",1706,output/checkpoint/recola_valence_1709386714.pt,"{'mae': 0.0943288715475345, 'ccc': 0.4834670156423044}"
recola_valence,True,residual,routing,True,True,False,32,256,0.01,0.5,1e-06,adam,"{'vision': 125, 'acoustic': 140, 'language': 457, 'eda': 62, 'ecg': 54}","{'vision': 188, 'acoustic': 210, 'language': 686, 'eda': 96, 'ecg': 82}","{'vision': 125, 'acoustic': 140, 'language': 457, 'eda': 62, 'ecg': 54}",2,"{'vision': 64, 'acoustic': 64, 'language': 64, 'eda': 64, 'ecg': 64}",0.1,0.01,0.01,0.5,0.5,0.5,1e-06,1e-06,1e-06,adam,adam,adam,2,100,200,20,40,1,False,False,None,mae+ccc,"['mae', 'ccc']",1706,output/checkpoint/recola_valence_1709386911.pt,"{'mae': 0.12679455929131397, 'ccc': 0.16466227110295634}"
recola_valence,True,residual,routing,True,True,False,32,256,0.1,0.5,1e-06,adam,"{'vision': 125, 'acoustic': 140, 'language': 457, 'eda': 62, 'ecg': 54}","{'vision': 188, 'acoustic': 210, 'language': 686, 'eda': 96, 'ecg': 82}","{'vision': 125, 'acoustic': 140, 'language': 457, 'eda': 62, 'ecg': 54}",4,"{'vision': 64, 'acoustic': 64, 'language': 64, 'eda': 64, 'ecg': 64}",0.01,0.01,0.01,0.5,0.5,0.5,1e-06,1e-06,1e-06,adam,adam,adam,2,100,200,20,40,1,False,False,None,mae+ccc,"['mae', 'ccc']",1706,output/checkpoint/recola_valence_1709388224.pt,"{'mae': 0.10161120728646397, 'ccc': 0.2777553928394052}"
recola_valence,True,residual,routing,True,True,False,32,256,0.01,0.9,1e-06,adam,"{'vision': 125, 'acoustic': 140, 'language': 457, 'eda': 62, 'ecg': 54}","{'vision': 188, 'acoustic': 210, 'language': 686, 'eda': 96, 'ecg': 82}","{'vision': 125, 'acoustic': 140, 'language': 457, 'eda': 62, 'ecg': 54}",2,"{'vision': 64, 'acoustic': 64, 'language': 64, 'eda': 64, 'ecg': 64}",0.1,0.1,0.01,0.9,0.9,0.9,1e-06,1e-06,1e-06,adam,adam,adam,2,100,200,20,40,1,False,False,None,mae+ccc,"['mae', 'ccc']",1706,output/checkpoint/recola_valence_1709388709.pt,"{'mae': 0.0943288715475345, 'ccc': 0.4834670156423044}"
recola_valence,True,residual,routing,True,True,False,32,256,0.01,0.5,1e-06,adam,"{'vision': 125, 'acoustic': 140, 'language': 457, 'eda': 62, 'ecg': 54}","{'vision': 188, 'acoustic': 210, 'language': 686, 'eda': 96, 'ecg': 82}","{'vision': 125, 'acoustic': 140, 'language': 457, 'eda': 62, 'ecg': 54}",2,"{'vision': 64, 'acoustic': 64, 'language': 64, 'eda': 64, 'ecg': 64}",0.1,0.01,0.01,0.5,0.5,0.5,1e-06,1e-06,1e-06,adam,adam,adam,2,100,200,20,40,1,False,False,None,mae+ccc,"['mae', 'ccc']",1706,output/checkpoint/recola_valence_1709388904.pt,"{'mae': 0.1323783959375418, 'ccc': 0.3261425298100785}"
recola_valence,True,residual,routing,True,True,False,32,256,0.1,0.5,1e-06,adam,"{'vision': 125, 'acoustic': 140, 'language': 457, 'eda': 62, 'ecg': 54}","{'vision': 188, 'acoustic': 210, 'language': 686, 'eda': 96, 'ecg': 82}","{'vision': 125, 'acoustic': 140, 'language': 457, 'eda': 62, 'ecg': 54}",4,"{'vision': 64, 'acoustic': 64, 'language': 64, 'eda': 64, 'ecg': 64}",0.01,0.01,0.01,0.5,0.5,0.5,1e-06,1e-06,1e-06,adam,adam,adam,2,100,200,20,40,1,False,False,None,mae+ccc,"['mae', 'ccc']",1706,output/checkpoint/recola_valence_1709390041.pt,"{'mae': 0.23913387809110045, 'ccc': 0.06246466918164441}"
recola_valence,True,residual,routing,True,True,False,32,256,0.01,0.9,1e-06,adam,"{'vision': 125, 'acoustic': 140, 'language': 457, 'eda': 62, 'ecg': 54}","{'vision': 188, 'acoustic': 210, 'language': 686, 'eda': 96, 'ecg': 82}","{'vision': 125, 'acoustic': 140, 'language': 457, 'eda': 62, 'ecg': 54}",2,"{'vision': 64, 'acoustic': 64, 'language': 64, 'eda': 64, 'ecg': 64}",0.1,0.1,0.01,0.9,0.9,0.9,1e-06,1e-06,1e-06,adam,adam,adam,2,100,200,20,40,1,False,False,None,mae+ccc,"['mae', 'ccc']",1706,output/checkpoint/recola_valence_1709390362.pt,"{'mae': 0.1114159871727253, 'ccc': 0.3516262571094116}"
recola_valence,True,residual,routing,True,True,False,32,256,0.01,0.5,1e-06,adam,"{'vision': 125, 'acoustic': 140, 'language': 457, 'eda': 62, 'ecg': 54}","{'vision': 188, 'acoustic': 210, 'language': 686, 'eda': 96, 'ecg': 82}","{'vision': 125, 'acoustic': 140, 'language': 457, 'eda': 62, 'ecg': 54}",2,"{'vision': 64, 'acoustic': 64, 'language': 64, 'eda': 64, 'ecg': 64}",0.1,0.01,0.01,0.5,0.5,0.5,1e-06,1e-06,1e-06,adam,adam,adam,2,100,200,20,40,1,False,False,None,mae+ccc,"['mae', 'ccc']",1706,output/checkpoint/recola_valence_1709390492.pt,"{'mae': 0.11824426349038185, 'ccc': 0.05261361180205039}"
recola_valence,True,residual,routing,True,True,False,32,256,0.1,0.5,1e-06,adam,"{'vision': 125, 'acoustic': 140, 'language': 457, 'eda': 62, 'ecg': 54}","{'vision': 188, 'acoustic': 210, 'language': 686, 'eda': 96, 'ecg': 82}","{'vision': 125, 'acoustic': 140, 'language': 457, 'eda': 62, 'ecg': 54}",4,"{'vision': 64, 'acoustic': 64, 'language': 64, 'eda': 64, 'ecg': 64}",0.01,0.01,0.01,0.5,0.5,0.5,1e-06,1e-06,1e-06,adam,adam,adam,2,100,200,20,40,1,False,False,None,mae+ccc,"['mae', 'ccc']",1706,output/checkpoint/recola_valence_1709391650.pt,"{'mae': 0.09303142131457304, 'ccc': 0.44697830458826915}"
recola_valence,True,residual,routing,True,True,False,32,256,0.01,0.9,1e-06,adam,"{'vision': 125, 'acoustic': 140, 'language': 457, 'eda': 62, 'ecg': 54}","{'vision': 188, 'acoustic': 210, 'language': 686, 'eda': 96, 'ecg': 82}","{'vision': 125, 'acoustic': 140, 'language': 457, 'eda': 62, 'ecg': 54}",2,"{'vision': 64, 'acoustic': 64, 'language': 64, 'eda': 64, 'ecg': 64}",0.1,0.1,0.01,0.9,0.9,0.9,1e-06,1e-06,1e-06,adam,adam,adam,2,100,200,20,40,1,False,False,None,mae+ccc,"['mae', 'ccc']",1706,output/checkpoint/recola_valence_1709392069.pt,"{'mae': 0.1114159871727253, 'ccc': 0.3516262571094116}"
recola_valence,True,residual,routing,True,True,False,32,256,0.01,0.5,1e-06,adam,"{'vision': 125, 'acoustic': 140, 'language': 457, 'eda': 62, 'ecg': 54}","{'vision': 188, 'acoustic': 210, 'language': 686, 'eda': 96, 'ecg': 82}","{'vision': 125, 'acoustic': 140, 'language': 457, 'eda': 62, 'ecg': 54}",2,"{'vision': 64, 'acoustic': 64, 'language': 64, 'eda': 64, 'ecg': 64}",0.1,0.01,0.01,0.5,0.5,0.5,1e-06,1e-06,1e-06,adam,adam,adam,2,100,200,20,40,1,False,False,None,mae+ccc,"['mae', 'ccc']",1706,output/checkpoint/recola_valence_1709392196.pt,"{'mae': 0.1323783959375418, 'ccc': 0.3261425298100785}"
recola_valence,True,residual,routing,True,True,False,32,256,0.1,0.5,1e-06,adam,"{'vision': 125, 'acoustic': 140, 'language': 457, 'eda': 62, 'ecg': 54}","{'vision': 188, 'acoustic': 210, 'language': 686, 'eda': 96, 'ecg': 82}","{'vision': 125, 'acoustic': 140, 'language': 457, 'eda': 62, 'ecg': 54}",4,"{'vision': 64, 'acoustic': 64, 'language': 64, 'eda': 64, 'ecg': 64}",0.01,0.01,0.01,0.5,0.5,0.5,1e-06,1e-06,1e-06,adam,adam,adam,2,100,200,20,40,1,False,False,None,mae+ccc,"['mae', 'ccc']",1706,output/checkpoint/recola_valence_1709393326.pt,"{'mae': 0.13140421733497704, 'ccc': 0.1516361991259359}"
recola_valence,True,residual,routing,True,True,False,32,256,0.01,0.9,1e-06,adam,"{'vision': 125, 'acoustic': 140, 'language': 457, 'eda': 62, 'ecg': 54}","{'vision': 188, 'acoustic': 210, 'language': 686, 'eda': 96, 'ecg': 82}","{'vision': 125, 'acoustic': 140, 'language': 457, 'eda': 62, 'ecg': 54}",2,"{'vision': 64, 'acoustic': 64, 'language': 64, 'eda': 64, 'ecg': 64}",0.1,0.1,0.01,0.9,0.9,0.9,1e-06,1e-06,1e-06,adam,adam,adam,2,100,200,20,40,1,False,False,None,mae+ccc,"['mae', 'ccc']",1706,output/checkpoint/recola_valence_1709393767.pt,"{'mae': 0.09969426898533137, 'ccc': 0.40917475488832145}"
recola_valence,True,residual,routing,True,True,False,32,256,0.01,0.5,1e-06,adam,"{'vision': 125, 'acoustic': 140, 'language': 457, 'eda': 62, 'ecg': 54}","{'vision': 188, 'acoustic': 210, 'language': 686, 'eda': 96, 'ecg': 82}","{'vision': 125, 'acoustic': 140, 'language': 457, 'eda': 62, 'ecg': 54}",2,"{'vision': 64, 'acoustic': 64, 'language': 64, 'eda': 64, 'ecg': 64}",0.1,0.01,0.01,0.5,0.5,0.5,1e-06,1e-06,1e-06,adam,adam,adam,2,100,200,20,40,1,False,False,None,mae+ccc,"['mae', 'ccc']",1706,output/checkpoint/recola_valence_1709393984.pt,"{'mae': 0.16799909089942344, 'ccc': 0.15408555021507725}"
recola_valence,True,residual,routing,True,True,False,32,256,0.1,0.5,1e-06,adam,"{'vision': 125, 'acoustic': 140, 'language': 457, 'eda': 62, 'ecg': 54}","{'vision': 188, 'acoustic': 210, 'language': 686, 'eda': 96, 'ecg': 82}","{'vision': 125, 'acoustic': 140, 'language': 457, 'eda': 62, 'ecg': 54}",4,"{'vision': 64, 'acoustic': 64, 'language': 64, 'eda': 64, 'ecg': 64}",0.01,0.01,0.01,0.5,0.5,0.5,1e-06,1e-06,1e-06,adam,adam,adam,2,100,200,20,40,1,False,False,None,mae+ccc,"['mae', 'ccc']",1706,output/checkpoint/recola_valence_1709395182.pt,"{'mae': 0.15986515737935453, 'ccc': 0.18188656449507243}"
recola_valence,True,residual,routing,True,True,False,32,256,0.01,0.9,1e-06,adam,"{'vision': 125, 'acoustic': 140, 'language': 457, 'eda': 62, 'ecg': 54}","{'vision': 188, 'acoustic': 210, 'language': 686, 'eda': 96, 'ecg': 82}","{'vision': 125, 'acoustic': 140, 'language': 457, 'eda': 62, 'ecg': 54}",2,"{'vision': 64, 'acoustic': 64, 'language': 64, 'eda': 64, 'ecg': 64}",0.1,0.1,0.01,0.9,0.9,0.9,1e-06,1e-06,1e-06,adam,adam,adam,2,100,200,20,40,1,False,False,None,mae+ccc,"['mae', 'ccc']",1706,output/checkpoint/recola_valence_1709395558.pt,"{'mae': 0.1114159871727253, 'ccc': 0.3516262571094116}"
recola_valence,True,residual,routing,True,True,False,32,256,0.01,0.5,1e-06,adam,"{'vision': 125, 'acoustic': 140, 'language': 457, 'eda': 62, 'ecg': 54}","{'vision': 188, 'acoustic': 210, 'language': 686, 'eda': 96, 'ecg': 82}","{'vision': 125, 'acoustic': 140, 'language': 457, 'eda': 62, 'ecg': 54}",2,"{'vision': 64, 'acoustic': 64, 'language': 64, 'eda': 64, 'ecg': 64}",0.1,0.01,0.01,0.5,0.5,0.5,1e-06,1e-06,1e-06,adam,adam,adam,2,100,200,20,40,1,False,False,None,mae+ccc,"['mae', 'ccc']",1706,output/checkpoint/recola_valence_1709395686.pt,"{'mae': 0.17035431430146775, 'ccc': 0.25462611321264306}"
recola_valence,True,residual,routing,True,True,False,32,256,0.1,0.5,1e-06,adam,"{'vision': 125, 'acoustic': 140, 'language': 457, 'eda': 62, 'ecg': 54}","{'vision': 188, 'acoustic': 210, 'language': 686, 'eda': 96, 'ecg': 82}","{'vision': 125, 'acoustic': 140, 'language': 457, 'eda': 62, 'ecg': 54}",4,"{'vision': 64, 'acoustic': 64, 'language': 64, 'eda': 64, 'ecg': 64}",0.01,0.01,0.01,0.5,0.5,0.5,1e-06,1e-06,1e-06,adam,adam,adam,2,100,200,20,40,1,False,False,None,mae+ccc,"['mae', 'ccc']",1706,output/checkpoint/recola_valence_1709396829.pt,"{'mae': 0.3552601327070619, 'ccc': 0.04113361273353411}"
recola_valence,True,residual,routing,True,True,False,32,256,0.01,0.9,1e-06,adam,"{'vision': 125, 'acoustic': 140, 'language': 457, 'eda': 62, 'ecg': 54}","{'vision': 188, 'acoustic': 210, 'language': 686, 'eda': 96, 'ecg': 82}","{'vision': 125, 'acoustic': 140, 'language': 457, 'eda': 62, 'ecg': 54}",2,"{'vision': 64, 'acoustic': 64, 'language': 64, 'eda': 64, 'ecg': 64}",0.1,0.1,0.01,0.9,0.9,0.9,1e-06,1e-06,1e-06,adam,adam,adam,2,100,200,20,40,1,False,False,None,mae+ccc,"['mae', 'ccc']",1706,output/checkpoint/recola_valence_1709397203.pt,"{'mae': 0.09706943597211412, 'ccc': 0.27206773447696453}"
recola_valence,True,residual,routing,True,True,False,32,256,0.01,0.5,1e-06,adam,"{'vision': 125, 'acoustic': 140, 'language': 457, 'eda': 62, 'ecg': 54}","{'vision': 188, 'acoustic': 210, 'language': 686, 'eda': 96, 'ecg': 82}","{'vision': 125, 'acoustic': 140, 'language': 457, 'eda': 62, 'ecg': 54}",2,"{'vision': 64, 'acoustic': 64, 'language': 64, 'eda': 64, 'ecg': 64}",0.1,0.01,0.01,0.5,0.5,0.5,1e-06,1e-06,1e-06,adam,adam,adam,2,100,200,20,40,1,False,False,None,mae+ccc,"['mae', 'ccc']",1706,output/checkpoint/recola_valence_1709397329.pt,"{'mae': 0.10562166169503326, 'ccc': 0.34045797680226564}"
recola_valence,True,residual,routing,True,True,False,32,256,0.1,0.5,1e-06,adam,"{'vision': 125, 'acoustic': 140, 'language': 457, 'eda': 62, 'ecg': 54}","{'vision': 188, 'acoustic': 210, 'language': 686, 'eda': 96, 'ecg': 82}","{'vision': 125, 'acoustic': 140, 'language': 457, 'eda': 62, 'ecg': 54}",4,"{'vision': 64, 'acoustic': 64, 'language': 64, 'eda': 64, 'ecg': 64}",0.01,0.01,0.01,0.5,0.5,0.5,1e-06,1e-06,1e-06,adam,adam,adam,2,100,200,20,40,1,False,False,None,mae+ccc,"['mae', 'ccc']",1706,output/checkpoint/recola_valence_1709398533.pt,"{'mae': 0.15715442825974898, 'ccc': 0.17130335622285703}"
recola_valence,True,residual,routing,True,True,False,32,256,0.01,0.9,1e-06,adam,"{'vision': 125, 'acoustic': 140, 'language': 457, 'eda': 62, 'ecg': 54}","{'vision': 188, 'acoustic': 210, 'language': 686, 'eda': 96, 'ecg': 82}","{'vision': 125, 'acoustic': 140, 'language': 457, 'eda': 62, 'ecg': 54}",2,"{'vision': 64, 'acoustic': 64, 'language': 64, 'eda': 64, 'ecg': 64}",0.1,0.1,0.01,0.9,0.9,0.9,1e-06,1e-06,1e-06,adam,adam,adam,2,100,200,20,40,1,False,False,None,mae+ccc,"['mae', 'ccc']",1706,output/checkpoint/recola_valence_1709398980.pt,"{'mae': 0.11480734870865783, 'ccc': 0.06595966985672645}"
recola_valence,True,residual,routing,True,True,False,32,256,0.01,0.5,1e-06,adam,"{'vision': 125, 'acoustic': 140, 'language': 457, 'eda': 62, 'ecg': 54}","{'vision': 188, 'acoustic': 210, 'language': 686, 'eda': 96, 'ecg': 82}","{'vision': 125, 'acoustic': 140, 'language': 457, 'eda': 62, 'ecg': 54}",2,"{'vision': 64, 'acoustic': 64, 'language': 64, 'eda': 64, 'ecg': 64}",0.1,0.01,0.01,0.5,0.5,0.5,1e-06,1e-06,1e-06,adam,adam,adam,2,100,200,20,40,1,False,False,None,mae+ccc,"['mae', 'ccc']",1706,output/checkpoint/recola_valence_1709399173.pt,"{'mae': 0.14072018774050496, 'ccc': 0.24638405801224808}"
recola_valence,True,residual,routing,True,True,False,32,256,0.1,0.5,1e-06,adam,"{'vision': 125, 'acoustic': 140, 'language': 457, 'eda': 62, 'ecg': 54}","{'vision': 188, 'acoustic': 210, 'language': 686, 'eda': 96, 'ecg': 82}","{'vision': 125, 'acoustic': 140, 'language': 457, 'eda': 62, 'ecg': 54}",4,"{'vision': 64, 'acoustic': 64, 'language': 64, 'eda': 64, 'ecg': 64}",0.01,0.01,0.01,0.5,0.5,0.5,1e-06,1e-06,1e-06,adam,adam,adam,2,100,200,20,40,1,False,False,None,mae+ccc,"['mae', 'ccc']",1706,output/checkpoint/recola_valence_1709400224.pt,"{'mae': 0.3552601327070619, 'ccc': 0.04113361273353411}"
recola_valence,True,residual,routing,True,True,False,32,256,0.01,0.9,1e-06,adam,"{'vision': 125, 'acoustic': 140, 'language': 457, 'eda': 62, 'ecg': 54}","{'vision': 188, 'acoustic': 210, 'language': 686, 'eda': 96, 'ecg': 82}","{'vision': 125, 'acoustic': 140, 'language': 457, 'eda': 62, 'ecg': 54}",2,"{'vision': 64, 'acoustic': 64, 'language': 64, 'eda': 64, 'ecg': 64}",0.1,0.1,0.01,0.9,0.9,0.9,1e-06,1e-06,1e-06,adam,adam,adam,2,100,200,20,40,1,False,False,None,mae+ccc,"['mae', 'ccc']",1706,output/checkpoint/recola_valence_1709400667.pt,"{'mae': 0.09706943597211412, 'ccc': 0.27206773447696453}"
recola_valence,True,residual,routing,True,True,False,32,256,0.01,0.5,1e-06,adam,"{'vision': 125, 'acoustic': 140, 'language': 457, 'eda': 62, 'ecg': 54}","{'vision': 188, 'acoustic': 210, 'language': 686, 'eda': 96, 'ecg': 82}","{'vision': 125, 'acoustic': 140, 'language': 457, 'eda': 62, 'ecg': 54}",2,"{'vision': 64, 'acoustic': 64, 'language': 64, 'eda': 64, 'ecg': 64}",0.1,0.01,0.01,0.5,0.5,0.5,1e-06,1e-06,1e-06,adam,adam,adam,2,100,200,20,40,1,False,False,None,mae+ccc,"['mae', 'ccc']",1706,output/checkpoint/recola_valence_1709400793.pt,"{'mae': 0.1323783959375418, 'ccc': 0.3261425298100785}"
recola_valence,True,residual,routing,True,True,False,32,256,0.1,0.5,1e-06,adam,"{'vision': 125, 'acoustic': 140, 'language': 457, 'eda': 62, 'ecg': 54}","{'vision': 188, 'acoustic': 210, 'language': 686, 'eda': 96, 'ecg': 82}","{'vision': 125, 'acoustic': 140, 'language': 457, 'eda': 62, 'ecg': 54}",4,"{'vision': 64, 'acoustic': 64, 'language': 64, 'eda': 64, 'ecg': 64}",0.01,0.01,0.01,0.5,0.5,0.5,1e-06,1e-06,1e-06,adam,adam,adam,2,100,200,20,40,1,False,False,None,mae+ccc,"['mae', 'ccc']",1706,output/checkpoint/recola_valence_1709402075.pt,"{'mae': 0.3552601327070619, 'ccc': 0.04113361273353411}"
recola_valence,True,residual,routing,True,True,False,32,256,0.01,0.9,1e-06,adam,"{'vision': 125, 'acoustic': 140, 'language': 457, 'eda': 62, 'ecg': 54}","{'vision': 188, 'acoustic': 210, 'language': 686, 'eda': 96, 'ecg': 82}","{'vision': 125, 'acoustic': 140, 'language': 457, 'eda': 62, 'ecg': 54}",2,"{'vision': 64, 'acoustic': 64, 'language': 64, 'eda': 64, 'ecg': 64}",0.1,0.1,0.01,0.9,0.9,0.9,1e-06,1e-06,1e-06,adam,adam,adam,2,100,200,20,40,1,False,False,None,mae+ccc,"['mae', 'ccc']",1706,output/checkpoint/recola_valence_1709402376.pt,"{'mae': 0.09706943597211412, 'ccc': 0.27206773447696453}"
recola_valence,True,residual,routing,True,True,False,32,256,0.01,0.5,1e-06,adam,"{'vision': 125, 'acoustic': 140, 'language': 457, 'eda': 62, 'ecg': 54}","{'vision': 188, 'acoustic': 210, 'language': 686, 'eda': 96, 'ecg': 82}","{'vision': 125, 'acoustic': 140, 'language': 457, 'eda': 62, 'ecg': 54}",2,"{'vision': 64, 'acoustic': 64, 'language': 64, 'eda': 64, 'ecg': 64}",0.1,0.01,0.01,0.5,0.5,0.5,1e-06,1e-06,1e-06,adam,adam,adam,2,100,200,20,40,1,False,False,None,mae+ccc,"['mae', 'ccc']",1706,output/checkpoint/recola_valence_1709402506.pt,"{'mae': 0.14443108301310556, 'ccc': 0.16994285002751008}"
recola_valence,True,residual,routing,True,True,False,32,256,0.1,0.5,1e-06,adam,"{'vision': 125, 'acoustic': 140, 'language': 457, 'eda': 62, 'ecg': 54}","{'vision': 188, 'acoustic': 210, 'language': 686, 'eda': 96, 'ecg': 82}","{'vision': 125, 'acoustic': 140, 'language': 457, 'eda': 62, 'ecg': 54}",4,"{'vision': 64, 'acoustic': 64, 'language': 64, 'eda': 64, 'ecg': 64}",0.01,0.01,0.01,0.5,0.5,0.5,1e-06,1e-06,1e-06,adam,adam,adam,2,100,200,20,40,1,False,False,None,mae+ccc,"['mae', 'ccc']",1706,output/checkpoint/recola_valence_1709403575.pt,"{'mae': 0.4839804359446097, 'ccc': 0.03394942287070006}"
recola_valence,True,residual,routing,True,True,False,32,256,0.01,0.9,1e-06,adam,"{'vision': 125, 'acoustic': 140, 'language': 457, 'eda': 62, 'ecg': 54}","{'vision': 188, 'acoustic': 210, 'language': 686, 'eda': 96, 'ecg': 82}","{'vision': 125, 'acoustic': 140, 'language': 457, 'eda': 62, 'ecg': 54}",2,"{'vision': 64, 'acoustic': 64, 'language': 64, 'eda': 64, 'ecg': 64}",0.1,0.1,0.01,0.9,0.9,0.9,1e-06,1e-06,1e-06,adam,adam,adam,2,100,200,20,40,1,False,False,None,mae+ccc,"['mae', 'ccc']",1706,output/checkpoint/recola_valence_1709404111.pt,"{'mae': 0.10640784421404725, 'ccc': 0.3871882490641738}"
recola_valence,True,residual,routing,True,True,False,32,256,0.01,0.5,1e-06,adam,"{'vision': 125, 'acoustic': 140, 'language': 457, 'eda': 62, 'ecg': 54}","{'vision': 188, 'acoustic': 210, 'language': 686, 'eda': 96, 'ecg': 82}","{'vision': 125, 'acoustic': 140, 'language': 457, 'eda': 62, 'ecg': 54}",2,"{'vision': 64, 'acoustic': 64, 'language': 64, 'eda': 64, 'ecg': 64}",0.1,0.01,0.01,0.5,0.5,0.5,1e-06,1e-06,1e-06,adam,adam,adam,2,100,200,20,40,1,False,False,None,mae+ccc,"['mae', 'ccc']",1706,output/checkpoint/recola_valence_1709404330.pt,"{'mae': 0.11824426349038185, 'ccc': 0.05261361180205039}"
recola_valence,True,residual,routing,True,True,False,32,256,0.1,0.5,1e-06,adam,"{'vision': 125, 'acoustic': 140, 'language': 457, 'eda': 62, 'ecg': 54}","{'vision': 188, 'acoustic': 210, 'language': 686, 'eda': 96, 'ecg': 82}","{'vision': 125, 'acoustic': 140, 'language': 457, 'eda': 62, 'ecg': 54}",4,"{'vision': 64, 'acoustic': 64, 'language': 64, 'eda': 64, 'ecg': 64}",0.01,0.01,0.01,0.5,0.5,0.5,1e-06,1e-06,1e-06,adam,adam,adam,2,100,200,20,40,1,False,False,None,mae+ccc,"['mae', 'ccc']",1706,output/checkpoint/recola_valence_1709405671.pt,"{'mae': 0.4073543060230454, 'ccc': 0.02526101152913079}"
recola_valence,True,residual,routing,True,True,False,32,256,0.01,0.9,1e-06,adam,"{'vision': 125, 'acoustic': 140, 'language': 457, 'eda': 62, 'ecg': 54}","{'vision': 188, 'acoustic': 210, 'language': 686, 'eda': 96, 'ecg': 82}","{'vision': 125, 'acoustic': 140, 'language': 457, 'eda': 62, 'ecg': 54}",2,"{'vision': 64, 'acoustic': 64, 'language': 64, 'eda': 64, 'ecg': 64}",0.1,0.1,0.01,0.9,0.9,0.9,1e-06,1e-06,1e-06,adam,adam,adam,2,100,200,20,40,1,False,False,None,mae+ccc,"['mae', 'ccc']",1706,output/checkpoint/recola_valence_1709405952.pt,"{'mae': 0.11840300694901269, 'ccc': 0.24861733584613102}"
recola_valence,True,residual,routing,True,True,False,32,256,0.01,0.5,1e-06,adam,"{'vision': 125, 'acoustic': 140, 'language': 457, 'eda': 62, 'ecg': 54}","{'vision': 188, 'acoustic': 210, 'language': 686, 'eda': 96, 'ecg': 82}","{'vision': 125, 'acoustic': 140, 'language': 457, 'eda': 62, 'ecg': 54}",2,"{'vision': 64, 'acoustic': 64, 'language': 64, 'eda': 64, 'ecg': 64}",0.1,0.01,0.01,0.5,0.5,0.5,1e-06,1e-06,1e-06,adam,adam,adam,2,100,200,20,40,1,False,False,None,mae+ccc,"['mae', 'ccc']",1706,output/checkpoint/recola_valence_1709406123.pt,"{'mae': 0.1323783959375418, 'ccc': 0.3261425298100785}"
recola_valence,True,residual,routing,True,True,False,32,256,0.1,0.5,1e-06,adam,"{'vision': 125, 'acoustic': 140, 'language': 457, 'eda': 62, 'ecg': 54}","{'vision': 188, 'acoustic': 210, 'language': 686, 'eda': 96, 'ecg': 82}","{'vision': 125, 'acoustic': 140, 'language': 457, 'eda': 62, 'ecg': 54}",4,"{'vision': 64, 'acoustic': 64, 'language': 64, 'eda': 64, 'ecg': 64}",0.01,0.01,0.01,0.5,0.5,0.5,1e-06,1e-06,1e-06,adam,adam,adam,2,100,200,20,40,1,False,False,None,mae+ccc,"['mae', 'ccc']",1706,output/checkpoint/recola_valence_1709407556.pt,"{'mae': 0.09411719369163302, 'ccc': 0.35159860620129463}"
recola_valence,True,residual,routing,True,True,False,32,256,0.01,0.9,1e-06,adam,"{'vision': 125, 'acoustic': 140, 'language': 457, 'eda': 62, 'ecg': 54}","{'vision': 188, 'acoustic': 210, 'language': 686, 'eda': 96, 'ecg': 82}","{'vision': 125, 'acoustic': 140, 'language': 457, 'eda': 62, 'ecg': 54}",2,"{'vision': 64, 'acoustic': 64, 'language': 64, 'eda': 64, 'ecg': 64}",0.1,0.1,0.01,0.9,0.9,0.9,1e-06,1e-06,1e-06,adam,adam,adam,2,100,200,20,40,1,False,False,None,mae+ccc,"['mae', 'ccc']",1706,output/checkpoint/recola_valence_1709407941.pt,"{'mae': 0.118288873477255, 'ccc': 0.18319243483085065}"
recola_valence,True,residual,routing,True,True,False,32,256,0.01,0.5,1e-06,adam,"{'vision': 125, 'acoustic': 140, 'language': 457, 'eda': 62, 'ecg': 54}","{'vision': 188, 'acoustic': 210, 'language': 686, 'eda': 96, 'ecg': 82}","{'vision': 125, 'acoustic': 140, 'language': 457, 'eda': 62, 'ecg': 54}",2,"{'vision': 64, 'acoustic': 64, 'language': 64, 'eda': 64, 'ecg': 64}",0.1,0.01,0.01,0.5,0.5,0.5,1e-06,1e-06,1e-06,adam,adam,adam,2,100,200,20,40,1,False,False,None,mae+ccc,"['mae', 'ccc']",1706,output/checkpoint/recola_valence_1709408091.pt,"{'mae': 0.11824426349038185, 'ccc': 0.05261361180205039}"
recola_valence,True,residual,routing,True,True,False,32,256,0.1,0.5,1e-06,adam,"{'vision': 125, 'acoustic': 140, 'language': 457, 'eda': 62, 'ecg': 54}","{'vision': 188, 'acoustic': 210, 'language': 686, 'eda': 96, 'ecg': 82}","{'vision': 125, 'acoustic': 140, 'language': 457, 'eda': 62, 'ecg': 54}",4,"{'vision': 64, 'acoustic': 64, 'language': 64, 'eda': 64, 'ecg': 64}",0.01,0.01,0.01,0.5,0.5,0.5,1e-06,1e-06,1e-06,adam,adam,adam,2,100,200,20,40,1,False,False,None,mae+ccc,"['mae', 'ccc']",1706,output/checkpoint/recola_valence_1709409391.pt,"{'mae': 0.23913387809110045, 'ccc': 0.06246466918164441}"
recola_valence,True,residual,routing,True,True,False,32,256,0.01,0.9,1e-06,adam,"{'vision': 125, 'acoustic': 140, 'language': 457, 'eda': 62, 'ecg': 54}","{'vision': 188, 'acoustic': 210, 'language': 686, 'eda': 96, 'ecg': 82}","{'vision': 125, 'acoustic': 140, 'language': 457, 'eda': 62, 'ecg': 54}",2,"{'vision': 64, 'acoustic': 64, 'language': 64, 'eda': 64, 'ecg': 64}",0.1,0.1,0.01,0.9,0.9,0.9,1e-06,1e-06,1e-06,adam,adam,adam,2,100,200,20,40,1,False,False,None,mae+ccc,"['mae', 'ccc']",1706,output/checkpoint/recola_valence_1709409695.pt,"{'mae': 0.11407293125400303, 'ccc': 0.29594112122267646}"
recola_valence,True,residual,routing,True,True,False,32,256,0.01,0.5,1e-06,adam,"{'vision': 125, 'acoustic': 140, 'language': 457, 'eda': 62, 'ecg': 54}","{'vision': 188, 'acoustic': 210, 'language': 686, 'eda': 96, 'ecg': 82}","{'vision': 125, 'acoustic': 140, 'language': 457, 'eda': 62, 'ecg': 54}",2,"{'vision': 64, 'acoustic': 64, 'language': 64, 'eda': 64, 'ecg': 64}",0.1,0.01,0.01,0.5,0.5,0.5,1e-06,1e-06,1e-06,adam,adam,adam,2,100,200,20,40,1,False,False,None,mae+ccc,"['mae', 'ccc']",1706,output/checkpoint/recola_valence_1709409777.pt,"{'mae': 0.11162738997907279, 'ccc': 0.19109011339288848}"
recola_valence,True,residual,routing,True,True,False,32,256,0.1,0.5,1e-06,adam,"{'vision': 125, 'acoustic': 140, 'language': 457, 'eda': 62, 'ecg': 54}","{'vision': 188, 'acoustic': 210, 'language': 686, 'eda': 96, 'ecg': 82}","{'vision': 125, 'acoustic': 140, 'language': 457, 'eda': 62, 'ecg': 54}",4,"{'vision': 64, 'acoustic': 64, 'language': 64, 'eda': 64, 'ecg': 64}",0.01,0.01,0.01,0.5,0.5,0.5,1e-06,1e-06,1e-06,adam,adam,adam,2,100,200,20,40,1,False,False,None,mae+ccc,"['mae', 'ccc']",1706,output/checkpoint/recola_valence_1709411079.pt,"{'mae': 0.15715442825974898, 'ccc': 0.17130335622285703}"
recola_valence,True,residual,routing,True,True,False,32,256,0.01,0.9,1e-06,adam,"{'vision': 125, 'acoustic': 140, 'language': 457, 'eda': 62, 'ecg': 54}","{'vision': 188, 'acoustic': 210, 'language': 686, 'eda': 96, 'ecg': 82}","{'vision': 125, 'acoustic': 140, 'language': 457, 'eda': 62, 'ecg': 54}",2,"{'vision': 64, 'acoustic': 64, 'language': 64, 'eda': 64, 'ecg': 64}",0.1,0.1,0.01,0.9,0.9,0.9,1e-06,1e-06,1e-06,adam,adam,adam,2,100,200,20,40,1,False,False,None,mae+ccc,"['mae', 'ccc']",1706,output/checkpoint/recola_valence_1709411520.pt,"{'mae': 0.11480734870865783, 'ccc': 0.06595966985672645}"
recola_valence,True,residual,routing,True,True,False,32,256,0.01,0.5,1e-06,adam,"{'vision': 125, 'acoustic': 140, 'language': 457, 'eda': 62, 'ecg': 54}","{'vision': 188, 'acoustic': 210, 'language': 686, 'eda': 96, 'ecg': 82}","{'vision': 125, 'acoustic': 140, 'language': 457, 'eda': 62, 'ecg': 54}",2,"{'vision': 64, 'acoustic': 64, 'language': 64, 'eda': 64, 'ecg': 64}",0.1,0.01,0.01,0.5,0.5,0.5,1e-06,1e-06,1e-06,adam,adam,adam,2,100,200,20,40,1,False,False,None,mae+ccc,"['mae', 'ccc']",1706,output/checkpoint/recola_valence_1709411713.pt,"{'mae': 0.1213553730314576, 'ccc': 0.23529117312364245}"
recola_valence,True,residual,routing,True,True,False,32,256,0.1,0.5,1e-06,adam,"{'vision': 125, 'acoustic': 140, 'language': 457, 'eda': 62, 'ecg': 54}","{'vision': 188, 'acoustic': 210, 'language': 686, 'eda': 96, 'ecg': 82}","{'vision': 125, 'acoustic': 140, 'language': 457, 'eda': 62, 'ecg': 54}",4,"{'vision': 64, 'acoustic': 64, 'language': 64, 'eda': 64, 'ecg': 64}",0.01,0.01,0.01,0.5,0.5,0.5,1e-06,1e-06,1e-06,adam,adam,adam,2,100,200,20,40,1,False,False,None,mae+ccc,"['mae', 'ccc']",1706,output/checkpoint/recola_valence_1709412884.pt,"{'mae': 0.4073543060230454, 'ccc': 0.02526101152913079}"
recola_valence,True,residual,routing,True,True,False,32,256,0.01,0.9,1e-06,adam,"{'vision': 125, 'acoustic': 140, 'language': 457, 'eda': 62, 'ecg': 54}","{'vision': 188, 'acoustic': 210, 'language': 686, 'eda': 96, 'ecg': 82}","{'vision': 125, 'acoustic': 140, 'language': 457, 'eda': 62, 'ecg': 54}",2,"{'vision': 64, 'acoustic': 64, 'language': 64, 'eda': 64, 'ecg': 64}",0.1,0.1,0.01,0.9,0.9,0.9,1e-06,1e-06,1e-06,adam,adam,adam,2,100,200,20,40,1,False,False,None,mae+ccc,"['mae', 'ccc']",1706,output/checkpoint/recola_valence_1709413101.pt,"{'mae': 0.11480734870865783, 'ccc': 0.06595966985672645}"
recola_valence,True,residual,routing,True,True,False,32,256,0.01,0.5,1e-06,adam,"{'vision': 125, 'acoustic': 140, 'language': 457, 'eda': 62, 'ecg': 54}","{'vision': 188, 'acoustic': 210, 'language': 686, 'eda': 96, 'ecg': 82}","{'vision': 125, 'acoustic': 140, 'language': 457, 'eda': 62, 'ecg': 54}",2,"{'vision': 64, 'acoustic': 64, 'language': 64, 'eda': 64, 'ecg': 64}",0.1,0.01,0.01,0.5,0.5,0.5,1e-06,1e-06,1e-06,adam,adam,adam,2,100,200,20,40,1,False,False,None,mae+ccc,"['mae', 'ccc']",1706,output/checkpoint/recola_valence_1709413293.pt,"{'mae': 0.10289069890412794, 'ccc': 0.2511753278359927}"
recola_valence,True,residual,routing,True,True,False,32,256,0.1,0.5,1e-06,adam,"{'vision': 125, 'acoustic': 140, 'language': 457, 'eda': 62, 'ecg': 54}","{'vision': 188, 'acoustic': 210, 'language': 686, 'eda': 96, 'ecg': 82}","{'vision': 125, 'acoustic': 140, 'language': 457, 'eda': 62, 'ecg': 54}",4,"{'vision': 64, 'acoustic': 64, 'language': 64, 'eda': 64, 'ecg': 64}",0.01,0.01,0.01,0.5,0.5,0.5,1e-06,1e-06,1e-06,adam,adam,adam,2,100,200,20,40,1,False,False,None,mae+ccc,"['mae', 'ccc']",1706,output/checkpoint/recola_valence_1709414408.pt,"{'mae': 0.15715442825974898, 'ccc': 0.17130335622285703}"
recola_valence,True,residual,routing,True,True,False,32,256,0.01,0.9,1e-06,adam,"{'vision': 125, 'acoustic': 140, 'language': 457, 'eda': 62, 'ecg': 54}","{'vision': 188, 'acoustic': 210, 'language': 686, 'eda': 96, 'ecg': 82}","{'vision': 125, 'acoustic': 140, 'language': 457, 'eda': 62, 'ecg': 54}",2,"{'vision': 64, 'acoustic': 64, 'language': 64, 'eda': 64, 'ecg': 64}",0.1,0.1,0.01,0.9,0.9,0.9,1e-06,1e-06,1e-06,adam,adam,adam,2,100,200,20,40,1,False,False,None,mae+ccc,"['mae', 'ccc']",1706,output/checkpoint/recola_valence_1709414823.pt,"{'mae': 0.10936866845201476, 'ccc': 0.0739527146855833}"
recola_valence,True,residual,routing,True,True,False,32,256,0.01,0.5,1e-06,adam,"{'vision': 125, 'acoustic': 140, 'language': 457, 'eda': 62, 'ecg': 54}","{'vision': 188, 'acoustic': 210, 'language': 686, 'eda': 96, 'ecg': 82}","{'vision': 125, 'acoustic': 140, 'language': 457, 'eda': 62, 'ecg': 54}",2,"{'vision': 64, 'acoustic': 64, 'language': 64, 'eda': 64, 'ecg': 64}",0.1,0.01,0.01,0.5,0.5,0.5,1e-06,1e-06,1e-06,adam,adam,adam,2,100,200,20,40,1,False,False,None,mae+ccc,"['mae', 'ccc']",1706,output/checkpoint/recola_valence_1709414949.pt,"{'mae': 0.1323783959375418, 'ccc': 0.3261425298100785}"
recola_valence,True,residual,routing,True,True,False,32,256,0.1,0.5,1e-06,adam,"{'vision': 125, 'acoustic': 140, 'language': 457, 'eda': 62, 'ecg': 54}","{'vision': 188, 'acoustic': 210, 'language': 686, 'eda': 96, 'ecg': 82}","{'vision': 125, 'acoustic': 140, 'language': 457, 'eda': 62, 'ecg': 54}",4,"{'vision': 64, 'acoustic': 64, 'language': 64, 'eda': 64, 'ecg': 64}",0.01,0.01,0.01,0.5,0.5,0.5,1e-06,1e-06,1e-06,adam,adam,adam,2,100,200,20,40,1,False,False,None,mae+ccc,"['mae', 'ccc']",1706,output/checkpoint/recola_valence_1709416238.pt,"{'mae': 0.10161120728646397, 'ccc': 0.2777553928394052}"
recola_valence,True,residual,routing,True,True,False,32,256,0.01,0.9,1e-06,adam,"{'vision': 125, 'acoustic': 140, 'language': 457, 'eda': 62, 'ecg': 54}","{'vision': 188, 'acoustic': 210, 'language': 686, 'eda': 96, 'ecg': 82}","{'vision': 125, 'acoustic': 140, 'language': 457, 'eda': 62, 'ecg': 54}",2,"{'vision': 64, 'acoustic': 64, 'language': 64, 'eda': 64, 'ecg': 64}",0.1,0.1,0.01,0.9,0.9,0.9,1e-06,1e-06,1e-06,adam,adam,adam,2,100,200,20,40,1,False,False,None,mae+ccc,"['mae', 'ccc']",1706,output/checkpoint/recola_valence_1709416726.pt,"{'mae': 0.1134218572064139, 'ccc': 0.15955186997953535}"
recola_valence,True,residual,routing,True,True,False,32,256,0.01,0.5,1e-06,adam,"{'vision': 125, 'acoustic': 140, 'language': 457, 'eda': 62, 'ecg': 54}","{'vision': 188, 'acoustic': 210, 'language': 686, 'eda': 96, 'ecg': 82}","{'vision': 125, 'acoustic': 140, 'language': 457, 'eda': 62, 'ecg': 54}",2,"{'vision': 64, 'acoustic': 64, 'language': 64, 'eda': 64, 'ecg': 64}",0.1,0.01,0.01,0.5,0.5,0.5,1e-06,1e-06,1e-06,adam,adam,adam,2,100,200,20,40,1,False,False,None,mae+ccc,"['mae', 'ccc']",1706,output/checkpoint/recola_valence_1709416900.pt,"{'mae': 0.11158563535120658, 'ccc': 0.3576179939616505}"
recola_valence,True,residual,routing,True,True,False,32,256,0.1,0.5,1e-06,adam,"{'vision': 125, 'acoustic': 140, 'language': 457, 'eda': 62, 'ecg': 54}","{'vision': 188, 'acoustic': 210, 'language': 686, 'eda': 96, 'ecg': 82}","{'vision': 125, 'acoustic': 140, 'language': 457, 'eda': 62, 'ecg': 54}",4,"{'vision': 64, 'acoustic': 64, 'language': 64, 'eda': 64, 'ecg': 64}",0.01,0.01,0.01,0.5,0.5,0.5,1e-06,1e-06,1e-06,adam,adam,adam,2,100,200,20,40,1,False,False,None,mae+ccc,"['mae', 'ccc']",1706,output/checkpoint/recola_valence_1709418002.pt,"{'mae': 0.23913387809110045, 'ccc': 0.06246466918164441}"
recola_valence,True,residual,routing,True,True,False,32,256,0.01,0.9,1e-06,adam,"{'vision': 125, 'acoustic': 140, 'language': 457, 'eda': 62, 'ecg': 54}","{'vision': 188, 'acoustic': 210, 'language': 686, 'eda': 96, 'ecg': 82}","{'vision': 125, 'acoustic': 140, 'language': 457, 'eda': 62, 'ecg': 54}",2,"{'vision': 64, 'acoustic': 64, 'language': 64, 'eda': 64, 'ecg': 64}",0.1,0.1,0.01,0.9,0.9,0.9,1e-06,1e-06,1e-06,adam,adam,adam,2,100,200,20,40,1,False,False,None,mae+ccc,"['mae', 'ccc']",1706,output/checkpoint/recola_valence_1709418213.pt,"{'mae': 0.11480734870865783, 'ccc': 0.06595966985672645}"
recola_valence,True,residual,routing,True,True,False,32,256,0.01,0.5,1e-06,adam,"{'vision': 125, 'acoustic': 140, 'language': 457, 'eda': 62, 'ecg': 54}","{'vision': 188, 'acoustic': 210, 'language': 686, 'eda': 96, 'ecg': 82}","{'vision': 125, 'acoustic': 140, 'language': 457, 'eda': 62, 'ecg': 54}",2,"{'vision': 64, 'acoustic': 64, 'language': 64, 'eda': 64, 'ecg': 64}",0.1,0.01,0.01,0.5,0.5,0.5,1e-06,1e-06,1e-06,adam,adam,adam,2,100,200,20,40,1,False,False,None,mae+ccc,"['mae', 'ccc']",1706,output/checkpoint/recola_valence_1709418406.pt,"{'mae': 0.11368059250276961, 'ccc': 0.4337659472811177}"
recola_valence,True,residual,routing,True,True,False,32,256,0.1,0.5,1e-06,adam,"{'vision': 125, 'acoustic': 140, 'language': 457, 'eda': 62, 'ecg': 54}","{'vision': 188, 'acoustic': 210, 'language': 686, 'eda': 96, 'ecg': 82}","{'vision': 125, 'acoustic': 140, 'language': 457, 'eda': 62, 'ecg': 54}",4,"{'vision': 64, 'acoustic': 64, 'language': 64, 'eda': 64, 'ecg': 64}",0.01,0.01,0.01,0.5,0.5,0.5,1e-06,1e-06,1e-06,adam,adam,adam,2,100,200,20,40,1,False,False,None,mae+ccc,"['mae', 'ccc']",1706,output/checkpoint/recola_valence_1709419567.pt,"{'mae': 0.4073543060230454, 'ccc': 0.02526101152913079}"
recola_valence,True,residual,routing,True,True,False,32,256,0.01,0.9,1e-06,adam,"{'vision': 125, 'acoustic': 140, 'language': 457, 'eda': 62, 'ecg': 54}","{'vision': 188, 'acoustic': 210, 'language': 686, 'eda': 96, 'ecg': 82}","{'vision': 125, 'acoustic': 140, 'language': 457, 'eda': 62, 'ecg': 54}",2,"{'vision': 64, 'acoustic': 64, 'language': 64, 'eda': 64, 'ecg': 64}",0.1,0.1,0.01,0.9,0.9,0.9,1e-06,1e-06,1e-06,adam,adam,adam,2,100,200,20,40,1,False,False,None,mae+ccc,"['mae', 'ccc']",1706,output/checkpoint/recola_valence_1709419997.pt,"{'mae': 0.11566804412224743, 'ccc': 0.21671331078555306}"
recola_valence,True,residual,routing,True,True,False,32,256,0.01,0.5,1e-06,adam,"{'vision': 125, 'acoustic': 140, 'language': 457, 'eda': 62, 'ecg': 54}","{'vision': 188, 'acoustic': 210, 'language': 686, 'eda': 96, 'ecg': 82}","{'vision': 125, 'acoustic': 140, 'language': 457, 'eda': 62, 'ecg': 54}",2,"{'vision': 64, 'acoustic': 64, 'language': 64, 'eda': 64, 'ecg': 64}",0.1,0.01,0.01,0.5,0.5,0.5,1e-06,1e-06,1e-06,adam,adam,adam,2,100,200,20,40,1,False,False,None,mae+ccc,"['mae', 'ccc']",1706,output/checkpoint/recola_valence_1709420191.pt,"{'mae': 0.14072018774050496, 'ccc': 0.24638405801224808}"
recola_valence,True,residual,routing,True,True,False,32,256,0.1,0.5,1e-06,adam,"{'vision': 125, 'acoustic': 140, 'language': 457, 'eda': 62, 'ecg': 54}","{'vision': 188, 'acoustic': 210, 'language': 686, 'eda': 96, 'ecg': 82}","{'vision': 125, 'acoustic': 140, 'language': 457, 'eda': 62, 'ecg': 54}",4,"{'vision': 64, 'acoustic': 64, 'language': 64, 'eda': 64, 'ecg': 64}",0.01,0.01,0.01,0.5,0.5,0.5,1e-06,1e-06,1e-06,adam,adam,adam,2,100,200,20,40,1,False,False,None,mae+ccc,"['mae', 'ccc']",1706,output/checkpoint/recola_valence_1709421297.pt,"{'mae': 0.10161120728646397, 'ccc': 0.2777553928394052}"
recola_valence,True,residual,routing,True,True,False,32,256,0.01,0.9,1e-06,adam,"{'vision': 125, 'acoustic': 140, 'language': 457, 'eda': 62, 'ecg': 54}","{'vision': 188, 'acoustic': 210, 'language': 686, 'eda': 96, 'ecg': 82}","{'vision': 125, 'acoustic': 140, 'language': 457, 'eda': 62, 'ecg': 54}",2,"{'vision': 64, 'acoustic': 64, 'language': 64, 'eda': 64, 'ecg': 64}",0.1,0.1,0.01,0.9,0.9,0.9,1e-06,1e-06,1e-06,adam,adam,adam,2,100,200,20,40,1,False,False,None,mae+ccc,"['mae', 'ccc']",1706,output/checkpoint/recola_valence_1709421736.pt,"{'mae': 0.09706943597211412, 'ccc': 0.27206773447696453}"
recola_valence,True,residual,routing,True,True,False,32,256,0.01,0.5,1e-06,adam,"{'vision': 125, 'acoustic': 140, 'language': 457, 'eda': 62, 'ecg': 54}","{'vision': 188, 'acoustic': 210, 'language': 686, 'eda': 96, 'ecg': 82}","{'vision': 125, 'acoustic': 140, 'language': 457, 'eda': 62, 'ecg': 54}",2,"{'vision': 64, 'acoustic': 64, 'language': 64, 'eda': 64, 'ecg': 64}",0.1,0.01,0.01,0.5,0.5,0.5,1e-06,1e-06,1e-06,adam,adam,adam,2,100,200,20,40,1,False,False,None,mae+ccc,"['mae', 'ccc']",1706,output/checkpoint/recola_valence_1709421864.pt,"{'mae': 0.11075527856008796, 'ccc': 0.3024112037702419}"
recola_valence,True,residual,routing,True,True,False,32,256,0.1,0.5,1e-06,adam,"{'vision': 125, 'acoustic': 140, 'language': 457, 'eda': 62, 'ecg': 54}","{'vision': 188, 'acoustic': 210, 'language': 686, 'eda': 96, 'ecg': 82}","{'vision': 125, 'acoustic': 140, 'language': 457, 'eda': 62, 'ecg': 54}",4,"{'vision': 64, 'acoustic': 64, 'language': 64, 'eda': 64, 'ecg': 64}",0.01,0.01,0.01,0.5,0.5,0.5,1e-06,1e-06,1e-06,adam,adam,adam,2,100,200,20,40,1,False,False,None,mae+ccc,"['mae', 'ccc']",1706,output/checkpoint/recola_valence_1709422904.pt,"{'mae': 0.28993289915198056, 'ccc': -0.010974469192608974}"
recola_valence,True,residual,routing,True,True,False,32,256,0.01,0.9,1e-06,adam,"{'vision': 125, 'acoustic': 140, 'language': 457, 'eda': 62, 'ecg': 54}","{'vision': 188, 'acoustic': 210, 'language': 686, 'eda': 96, 'ecg': 82}","{'vision': 125, 'acoustic': 140, 'language': 457, 'eda': 62, 'ecg': 54}",2,"{'vision': 64, 'acoustic': 64, 'language': 64, 'eda': 64, 'ecg': 64}",0.1,0.1,0.01,0.9,0.9,0.9,1e-06,1e-06,1e-06,adam,adam,adam,2,100,200,20,40,1,False,False,None,mae+ccc,"['mae', 'ccc']",1706,../output/checkpoint/recola_valence_1710963215.pt,"{'mae': 0.09969426898533137, 'ccc': 0.40917475488832145}"
recola_valence,True,residual,routing,True,True,False,32,256,0.01,0.5,1e-06,adam,"{'vision': 125, 'acoustic': 140, 'language': 457, 'eda': 62, 'ecg': 54}","{'vision': 188, 'acoustic': 210, 'language': 686, 'eda': 96, 'ecg': 82}","{'vision': 125, 'acoustic': 140, 'language': 457, 'eda': 62, 'ecg': 54}",2,"{'vision': 64, 'acoustic': 64, 'language': 64, 'eda': 64, 'ecg': 64}",0.1,0.01,0.01,0.5,0.5,0.5,1e-06,1e-06,1e-06,adam,adam,adam,2,100,200,20,40,1,False,False,None,mae+ccc,"['mae', 'ccc']",1706,../output/checkpoint/recola_valence_1710963434.pt,"{'mae': 0.14072018774050496, 'ccc': 0.24638405801224808}"
recola_valence,True,residual,routing,True,True,False,32,256,0.1,0.5,1e-06,adam,"{'vision': 125, 'acoustic': 140, 'language': 457, 'eda': 62, 'ecg': 54}","{'vision': 188, 'acoustic': 210, 'language': 686, 'eda': 96, 'ecg': 82}","{'vision': 125, 'acoustic': 140, 'language': 457, 'eda': 62, 'ecg': 54}",4,"{'vision': 64, 'acoustic': 64, 'language': 64, 'eda': 64, 'ecg': 64}",0.01,0.01,0.01,0.5,0.5,0.5,1e-06,1e-06,1e-06,adam,adam,adam,2,100,200,20,40,1,False,False,None,mae+ccc,"['mae', 'ccc']",1706,../output/checkpoint/recola_valence_1710964700.pt,"{'mae': 0.15715442825974898, 'ccc': 0.17130335622285703}"
